timestamp,district,state,pincode,lat,lng,ppi,mpce_combined,mpce_adj_factor,status,note
2026-06-19T02:04:57.479087+00:00,GAUTAM BUDDHA NAGAR,UTTAR PRADESH,,,,,17831.0,,geocode_fail,
2026-06-19T02:05:03.288181+00:00,CHANDIGARH DISTRICT,CHANDIGARH,,,,,17205.0,,geocode_fail,
2026-06-19T02:05:09.211628+00:00,GURGAON,HARYANA,,,,,15397.0,,geocode_fail,
2026-06-19T02:05:14.484583+00:00,EAST DISTRICT,SIKKIM,,,,,14858.0,,geocode_fail,
2026-06-19T02:07:03.339106+00:00,BANGALORE,KARNATAKA,,,,,13169.0,,geocode_fail,
2026-06-19T02:07:42.097810+00:00,DAKSHINA KANNADA,KARNATAKA,,,,,8549.0,,geocode_fail,
2026-07-14T18:35:32.143954+00:00,GAUTAM BUDDHA NAGAR,UTTAR PRADESH,203200,28.36872,77.59701,194.0,17831.0,1.6739,ok,idw_raw=115.6
2026-07-14T18:35:34.952549+00:00,CHANDIGARH DISTRICT,CHANDIGARH,160018,30.72984,76.78415,78.0,17205.0,1.0,ok,idw_raw=78.3
2026-07-14T18:35:36.606823+00:00,GURGAON,HARYANA,122001,28.46009,77.03328,129.0,15397.0,1.3441,ok,idw_raw=96.1
2026-07-14T18:35:38.227505+00:00,EAST DISTRICT,SIKKIM,737101,27.33383,88.61466,119.0,14858.0,1.0266,ok,idw_raw=115.8
2026-07-14T18:35:41.247991+00:00,NORTH DISTRICT,SIKKIM,737120,27.66667,88.5,123.0,14690.0,1.0226,ok,idw_raw=120.1
2026-07-14T18:35:44.075715+00:00,FARIDABAD,HARYANA,121001,28.35843,77.32685,152.0,14158.0,1.3052,ok,idw_raw=116.3
2026-07-14T18:35:49.154779+00:00,BANGALORE,KARNATAKA,560012,13.02223,77.56718,123.0,13169.0,1.2845,ok,idw_raw=95.5
2026-07-14T18:35:52.090987+00:00,MUMBAI SUBURBAN,MAHARASHTRA,400087,19.13098,72.88946,149.0,13036.0,1.3499,ok,idw_raw=110.5
2026-07-14T18:35:53.649783+00:00,SOUTH DISTRICT,SIKKIM,737139,27.33333,88.41667,118.0,12876.0,0.9765,ok,idw_raw=120.6
2026-07-14T18:35:57.061329+00:00,SOUTH,DELHI,110074,28.48517,77.19637,134.0,12758.0,1.0716,ok,idw_raw=124.7
2026-07-14T18:36:00.469261+00:00,THIRUVANANTHAPURAM,KERALA,695543,8.57697,77.05012,89.0,12533.0,1.0973,ok,idw_raw=80.9
2026-07-14T18:36:04.240319+00:00,WEST,DELHI,110081,28.73791,77.01006,80.0,12452.0,1.0626,ok,idw_raw=75.5
2026-07-14T18:36:06.280842+00:00,THE NILGIRIS,TAMIL NADU,643001,11.4,76.7,101.0,12392.0,1.2162,ok,idw_raw=82.9
2026-07-14T18:36:09.031988+00:00,ERNAKULAM,KERALA,683541,10.03839,76.50741,94.0,12353.0,1.0918,ok,idw_raw=86.4
2026-07-14T18:36:12.399471+00:00,SOUTH ANDAMAN,ANDAMAN &NICOBAR,744207,10.70569,92.48747,85.0,11684.0,1.0449,ok,idw_raw=81.4
2026-07-14T18:36:15.527733+00:00,PANCHKULA,HARYANA,D254564,30.68953,76.99479,95.0,11671.0,1.2198,ok,idw_raw=77.8
2026-07-14T18:36:18.356392+00:00,CHENNAI,TAMIL NADU,D976610,13.00084,80.2023,111.0,11552.0,1.1867,ok,idw_raw=93.6
2026-07-14T18:36:20.097978+00:00,WEST SIANG,ARUNACHAL PRADESH,791001,28.19709,94.48407,140.0,11483.0,1.1418,ok,idw_raw=122.3
2026-07-14T18:36:23.136281+00:00,NORTH EAST,DELHI,110094,28.72331,77.26686,77.0,11382.0,1.0297,ok,idw_raw=74.6
2026-07-14T18:36:24.487071+00:00,KANCHEEPURAM,TAMIL NADU,631501,12.88211,79.80639,119.0,11263.0,1.1762,ok,idw_raw=100.9
2026-07-14T18:36:28.465873+00:00,ERODE,TAMIL NADU,638506,11.49053,77.35053,104.0,11228.0,1.1749,ok,idw_raw=88.3
2026-07-14T18:36:35.415110+00:00,COIMBATORE,TAMIL NADU,D792405,10.81244,77.07961,110.0,10856.0,1.1611,ok,idw_raw=94.5
2026-07-14T18:36:39.327992+00:00,NORTH GOA,GOA,403529,15.60389,73.9967,159.0,10834.0,1.0122,ok,idw_raw=156.9
2026-07-14T18:36:42.467781+00:00,KAMRUP METROPOLITAN,ASSAM,782423,26.13526,91.86167,165.0,10690.0,1.3443,ok,idw_raw=122.5
2026-07-14T18:36:45.517792+00:00,PAPUM PARE,ARUNACHAL PRADESH,791119,27.28637,93.61877,155.0,10492.0,1.1063,ok,idw_raw=139.8
2026-07-14T18:36:48.662209+00:00,NEW DELHI,DELHI,110004,28.6139,77.20901,131.0,10470.0,1.0,ok,idw_raw=131.0
2026-07-14T18:38:48.668974+00:00,NICOBARS,ANDAMAN &NICOBAR,,,,,10306.0,,geocode_fail,
2026-07-14T18:38:51.981745+00:00,PATHANAMTHITTA,KERALA,689699,9.27808,76.97374,99.0,10247.0,1.0227,ok,idw_raw=96.7
2026-07-14T18:38:54.999389+00:00,KOTTAYAM,KERALA,686564,9.62874,76.64553,99.0,10157.0,1.0195,ok,idw_raw=97.4
2026-07-14T18:38:58.283223+00:00,SOUTH GOA,GOA,403103,15.33761,73.9937,158.0,10095.0,0.9875,ok,idw_raw=160.0
2026-07-14T18:39:01.326195+00:00,PUNE,MAHARASHTRA,411089,18.64486,73.92242,111.0,10073.0,1.2334,ok,idw_raw=89.6
2026-07-14T18:39:04.513236+00:00,THRISSUR,KERALA,680014,10.47865,76.27261,98.0,9966.0,1.0128,ok,idw_raw=96.4
2026-07-14T18:39:08.161551+00:00,WEST KAMENG,ARUNACHAL PRADESH,790116,27.29159,92.46192,161.0,9951.0,1.086,ok,idw_raw=148.2
2026-07-14T18:39:11.542333+00:00,ALAPPUZHA,KERALA,688501,9.50034,76.41234,98.0,9806.0,1.007,ok,idw_raw=97.8
2026-07-14T18:39:15.196093+00:00,SHIMLA,HIMACHAL PRADESH,171207,31.23877,77.71857,92.0,9798.0,1.1028,ok,idw_raw=83.4
2026-07-14T18:39:18.583637+00:00,CENTRAL,DELHI,110054,28.69901,77.23146,79.0,9791.0,0.9768,ok,idw_raw=81.0
2026-07-14T18:39:21.893860+00:00,IDUKKI,KERALA,685512,9.81548,76.99916,98.0,9710.0,1.0036,ok,idw_raw=97.6
2026-07-14T18:39:25.037309+00:00,SAHIBZADA AJIT SINGH NAGAR,PUNJAB,140306,30.64884,76.74127,94.0,9694.0,1.1162,ok,idw_raw=84.0
2026-07-14T18:39:28.167785+00:00,PUDUCHERRY,PUDUCHERRY,605005,11.92201,79.79514,105.0,9683.0,1.043,ok,idw_raw=100.8
2026-07-14T18:39:31.026771+00:00,TIRUPPUR,TAMIL NADU,638656,10.79153,77.53255,115.0,9628.0,1.1134,ok,idw_raw=103.6
2026-07-14T18:39:34.136212+00:00,KOLASIB,MIZORAM,796082,24.19055,92.71366,158.0,9610.0,1.0289,ok,idw_raw=153.2
2026-07-14T18:39:37.401199+00:00,KOLLAM,KERALA,691315,8.9674,76.85858,96.0,9513.0,0.9964,ok,idw_raw=96.3
2026-07-14T18:39:40.272073+00:00,INDORE,MADHYA PRADESH,452001,22.71081,75.80769,97.0,9509.0,1.317,ok,idw_raw=73.5
2026-07-14T18:39:43.610588+00:00,KOLKATA,WEST BENGAL,700019,22.53543,88.36331,173.0,9497.0,1.2597,ok,idw_raw=137.2
2026-07-14T18:39:47.179948+00:00,KANNIYAKUMARI,TAMIL NADU,629853,8.32798,77.35412,104.0,9338.0,1.1015,ok,idw_raw=94.1
2026-07-14T18:39:50.841417+00:00,JAIPUR,RAJASTHAN,302001,26.97843,75.71221,119.0,9235.0,1.1899,ok,idw_raw=99.7
2026-07-14T18:39:54.334227+00:00,SALEM,TAMIL NADU,636014,11.64696,78.2107,122.0,9230.0,1.097,ok,idw_raw=110.8
2026-07-14T18:39:57.815109+00:00,AIZAWL,MIZORAM,D160859,23.86088,92.86469,162.0,9175.0,1.0123,ok,idw_raw=159.6
2026-07-14T18:40:00.941528+00:00,ALWAR,RAJASTHAN,301406,27.414,76.61704,122.0,9152.0,1.1862,ok,idw_raw=102.7
2026-07-14T18:40:04.411014+00:00,LUNGLEI,MIZORAM,D629207,22.952,92.63388,164.0,9104.0,1.0096,ok,idw_raw=162.1
2026-07-14T18:40:07.263545+00:00,MUNGER,BIHAR,D701545,25.22029,86.51615,178.0,9102.0,1.3067,ok,idw_raw=136.4
2026-07-14T18:40:10.121356+00:00,KARAULI,RAJASTHAN,D324734,26.51583,77.0566,129.0,9034.0,1.1808,ok,idw_raw=109.5
2026-07-15T02:00:19.943408+00:00,NICOBARS,ANDAMAN &NICOBAR,,,,,10306.0,,geocode_fail,
2026-07-15T02:00:23.735483+00:00,MADURAI,TAMIL NADU,625005,9.93693,78.00782,114.0,9020.0,1.0882,ok,idw_raw=104.5
2026-07-15T02:00:26.782570+00:00,SAIHA,MIZORAM,796911,22.28767,93.01336,156.0,8958.0,1.0039,ok,idw_raw=155.3
2026-07-15T02:00:30.113595+00:00,DEHRADUN,UTTARAKAND,248159,30.49982,77.86255,99.0,8896.0,1.1384,ok,idw_raw=86.7
2026-07-15T02:00:33.258920+00:00,HAMIRPUR,HIMACHAL PRADESH,176041,31.65399,76.54036,98.0,8839.0,1.0638,ok,idw_raw=91.7
2026-07-15T02:00:37.358033+00:00,NAMAKKAL,TAMIL NADU,637003,11.30339,78.1186,126.0,8821.0,1.0798,ok,idw_raw=116.2
2026-07-15T02:00:40.172742+00:00,KAPURTHALA,PUNJAB,144601,31.38565,75.30533,102.0,8775.0,1.078,ok,idw_raw=94.5
2026-07-15T02:00:43.891713+00:00,AHMADABAD,GUJARAT,383205,23.41667,72.91667,97.0,8766.0,1.1464,ok,idw_raw=84.9
2026-07-15T02:00:47.059603+00:00,SERCHHIP,MIZORAM,D226277,23.30525,92.84551,161.0,8761.0,0.9961,ok,idw_raw=161.4
2026-07-15T02:00:48.681205+00:00,UPPER SUBANSIRI,ARUNACHAL PRADESH,791122,28.25961,94.09381,153.0,8754.0,1.0383,ok,idw_raw=146.9
2026-07-15T02:00:51.370642+00:00,WEST TRIPURA,TRIPURA,799001,23.91533,91.38793,170.0,8703.0,1.0791,ok,idw_raw=157.1
2026-07-15T02:00:53.036703+00:00,NORTH  & MIDDLE ANDAMAN,ANDAMAN &NICOBAR,744202,13.22771,92.93949,118.0,8693.0,0.9422,ok,idw_raw=125.1
2026-07-15T02:00:56.631851+00:00,SOLAN,HIMACHAL PRADESH,D653477,31.05681,76.8503,95.0,8666.0,1.0564,ok,idw_raw=90.1
2026-07-15T02:01:00.153281+00:00,VISAKHAPATNAM,ANDHRA PRADESH,530028,17.80532,83.28277,92.0,8648.0,1.0868,ok,idw_raw=84.6
2026-07-15T02:01:03.310419+00:00,SURAT,GUJARAT,D648773,21.19236,72.9551,95.0,8622.0,1.1397,ok,idw_raw=83.1
2026-07-15T02:01:06.245173+00:00,BHIWANI,HARYANA,127029,28.73281,75.89283,112.0,8611.0,1.0967,ok,idw_raw=102.4
2026-07-15T02:01:09.433137+00:00,THIRUVALLUR,TAMIL NADU,601103,13.25376,80.05626,118.0,8610.0,1.0707,ok,idw_raw=110.6
2026-07-15T02:01:12.047208+00:00,KARAIKAL,PUDUCHERRY,609604,10.91565,79.80695,116.0,8585.0,1.0,ok,idw_raw=115.7
2026-07-15T02:01:15.092205+00:00,MOKOKCHUNG,NAGALAND,D681670,26.47959,94.51053,166.0,8577.0,1.0761,ok,idw_raw=154.1
2026-07-15T02:01:16.691242+00:00,RAIGARH,MAHARASHTRA,410206,18.9819,73.11415,104.0,8560.0,1.1651,ok,idw_raw=89.0
2026-07-15T02:01:19.485801+00:00,DAKSHINA KANNADA,KARNATAKA,574220,12.82264,75.2265,100.0,8549.0,1.1043,ok,idw_raw=90.7
2026-07-15T02:01:22.694362+00:00,TAWANG,ARUNACHAL PRADESH,790105,27.67419,91.93621,160.0,8457.0,1.0259,ok,idw_raw=155.9
2026-07-15T02:01:25.640795+00:00,LUDHIANA,PUNJAB,141116,30.78941,75.82697,106.0,8397.0,1.0615,ok,idw_raw=99.6
2026-07-15T02:01:28.577261+00:00,ANAND,GUJARAT,388400,22.47399,72.73618,101.0,8397.0,1.1292,ok,idw_raw=89.2
2026-07-15T02:01:31.536735+00:00,KHEDA,GUJARAT,387335,22.85325,72.99536,109.0,8323.0,1.1257,ok,idw_raw=97.1
2026-07-15T02:01:33.400731+00:00,MYSORE,KARNATAKA,570001,12.32899,76.66352,101.0,8313.0,1.0935,ok,idw_raw=92.8
2026-07-16T02:00:19.641506+00:00,NICOBARS,ANDAMAN &NICOBAR,,,,,10306.0,,geocode_fail,
2026-07-16T02:00:22.330268+00:00,NAGPUR,MAHARASHTRA,440021,21.15296,79.01451,106.0,8309.0,1.153,ok,idw_raw=92.3
2026-07-16T02:00:25.188625+00:00,SIRSA,HARYANA,D212378,29.6063,74.90366,118.0,8258.0,1.0807,ok,idw_raw=109.3
2026-07-16T02:00:28.532751+00:00,EAST KHASI HILLS,MEGHALAYA,D862485,25.40237,91.83172,116.0,8220.0,1.206,ok,idw_raw=96.2
2026-07-16T02:00:31.461015+00:00,DAKSHIN BASTAR DANTEWADA,CHHATTISGARH,,,,,8198.0,,geocode_fail,
2026-07-16T02:00:34.257849+00:00,TONK,RAJASTHAN,304001,26.12232,75.66322,101.0,8187.0,1.1408,ok,idw_raw=88.8
2026-07-16T02:00:37.391464+00:00,NAINITAL,UTTARAKAND,D989489,29.295,79.41625,114.0,8183.0,1.1056,ok,idw_raw=103.5
2026-07-16T02:00:40.544200+00:00,LAWNGTLAI,MIZORAM,D171306,22.39134,92.73972,97.0,8173.0,0.9722,ok,idw_raw=99.7
2026-07-16T02:00:42.027432+00:00,LOWER SUBANSIRI,ARUNACHAL PRADESH,791120,27.60598,93.86697,97.0,8154.0,1.0128,ok,idw_raw=95.6
2026-07-16T02:00:44.797947+00:00,RAJKOT,GUJARAT,D905581,22.06929,71.02887,101.0,8147.0,1.1174,ok,idw_raw=90.8
2026-07-16T02:00:46.867996+00:00,LOWER DIBANG VALLEY,ARUNACHAL PRADESH,792110,28.21496,95.87877,97.0,8146.0,1.0125,ok,idw_raw=95.7
2026-07-16T02:00:49.909404+00:00,KOZHIKODE,KERALA,673574,11.46559,75.89194,89.0,8146.0,0.9437,ok,idw_raw=94.0
2026-07-16T02:00:53.124132+00:00,THENI,TAMIL NADU,625520,9.86926,77.4223,100.0,8131.0,1.0494,ok,idw_raw=95.2
2026-07-16T02:00:56.154629+00:00,UNA,HIMACHAL PRADESH,174316,31.58346,76.23515,100.0,8119.0,1.0326,ok,idw_raw=97.0
2026-07-16T02:00:57.679437+00:00,BELLARY,KARNATAKA,583103,15.14819,76.93493,85.0,8116.0,1.0844,ok,idw_raw=78.6
2026-07-16T02:01:00.687721+00:00,HARIDWAR,UTTARAKAND,249401,29.91235,78.00872,96.0,8073.0,1.1003,ok,idw_raw=87.1
2026-07-16T02:01:02.050632+00:00,CHIKMAGALUR,KARNATAKA,577101,13.32453,75.7723,98.0,8067.0,1.0821,ok,idw_raw=90.2
2026-07-16T02:01:05.420628+00:00,JHARSUGUDA,ODISHA,D963453,21.80194,83.9714,131.0,8050.0,1.2667,ok,idw_raw=103.2
2026-07-16T02:01:09.059488+00:00,DODA,JAMMU AND KASHMIR,182202,33.13261,75.58901,105.0,8030.0,1.1226,ok,idw_raw=93.4
2026-07-16T02:01:12.206580+00:00,SAMBALPUR,ODISHA,D734356,21.55706,84.15285,156.0,8025.0,1.2653,ok,idw_raw=123.0
2026-07-16T02:01:15.799243+00:00,KRISHNA,ANDHRA PRADESH,521156,16.21355,81.02778,96.0,8009.0,1.058,ok,idw_raw=90.4
2026-07-16T02:01:19.182429+00:00,JODHPUR,RAJASTHAN,342001,26.41053,72.96466,100.0,8002.0,1.1317,ok,idw_raw=88.0
2026-07-16T02:01:22.296747+00:00,KOHIMA,NAGALAND,797004,25.71698,94.09822,101.0,7997.0,1.0501,ok,idw_raw=96.1
2026-07-16T02:01:25.948276+00:00,NAGAUR,RAJASTHAN,D939856,26.98734,73.7389,107.0,7963.0,1.1298,ok,idw_raw=94.7
2026-07-16T02:01:29.293719+00:00,ANANTNAG,JAMMU AND KASHMIR,192129,33.80968,75.24945,109.0,7943.0,1.1184,ok,idw_raw=97.9
2026-07-18T02:00:19.285773+00:00,NICOBARS,ANDAMAN &NICOBAR,,,,,10306.0,,geocode_fail,
2026-07-18T02:00:23.022654+00:00,DAKSHIN BASTAR DANTEWADA,CHHATTISGARH,,,,,8198.0,,geocode_fail,
2026-07-18T02:00:29.604664+00:00,KOLHAPUR,MAHARASHTRA,416211,16.46267,74.08947,115.0,7893.0,1.1325,ok,idw_raw=101.6
2026-07-18T02:00:33.284316+00:00,CHAMARAJANAGAR,KARNATAKA,D958603,11.95442,77.10691,93.0,7885.0,1.0735,ok,idw_raw=86.5
2026-07-18T02:00:36.880740+00:00,KINNAUR,HIMACHAL PRADESH,172116,31.59301,78.32814,98.0,7883.0,1.022,ok,idw_raw=96.0
2026-07-18T02:00:40.571393+00:00,LAKSHADWEEP,LAKSHADWEEP,D458966,10.81325,73.68046,95.0,7871.0,1.0,ok,idw_raw=94.9
2026-07-18T02:00:41.908068+00:00,EAST KAMENG,ARUNACHAL PRADESH,790102,27.55778,93.0753,96.0,7862.0,1.0,ok,idw_raw=96.1
2026-07-18T02:00:44.288866+00:00,BANGALORE RURAL,KARNATAKA,562130,13.00109,77.33612,83.0,7830.0,1.0708,ok,idw_raw=77.7
2026-07-18T02:00:48.000601+00:00,BILASPUR,HIMACHAL PRADESH,D118911,31.3381,76.76116,99.0,7798.0,1.0181,ok,idw_raw=97.3
2026-07-18T02:00:51.214189+00:00,LOHIT,ARUNACHAL PRADESH,792001,28.03502,96.17135,96.0,7768.0,0.9958,ok,idw_raw=96.5
2026-07-18T02:00:54.271121+00:00,THANE,MAHARASHTRA,D939729,19.36536,73.36854,111.0,7754.0,1.1255,ok,idw_raw=98.4
2026-07-18T02:00:57.298333+00:00,JALANDHAR,PUNJAB,144001,31.29223,75.56789,101.0,7748.0,1.032,ok,idw_raw=97.9
2026-07-18T02:01:00.267288+00:00,DIMAPUR,NAGALAND,797112,25.90414,93.71776,102.0,7701.0,1.0363,ok,idw_raw=98.7
2026-07-18T02:01:04.234611+00:00,PALAKKAD,KERALA,678642,10.78737,76.47422,88.0,7640.0,0.9228,ok,idw_raw=95.6
2026-07-18T02:01:05.614718+00:00,HAORA,WEST BENGAL,712306,22.75,88.25,116.0,7613.0,1.1659,ok,idw_raw=99.3
2026-07-18T02:01:08.680926+00:00,UDHAMPUR,JAMMU AND KASHMIR,D632781,32.91196,75.32658,114.0,7606.0,1.1015,ok,idw_raw=103.5
2026-07-18T02:01:11.569158+00:00,GURDASPUR,PUNJAB,143518,31.90373,75.22756,101.0,7531.0,1.0218,ok,idw_raw=99.2
2026-07-18T02:01:14.929690+00:00,FIROZPUR,PUNJAB,152004,30.87538,74.65254,102.0,7494.0,1.02,ok,idw_raw=100.0
2026-07-18T02:01:17.835945+00:00,UKHRUL,MANIPUR,D692292,25.31213,94.4755,114.0,7487.0,1.1335,ok,idw_raw=100.4
2026-07-18T02:01:20.477493+00:00,TIRUNELVELI,TAMIL NADU,627502,8.5495,77.58052,132.0,7482.0,1.0193,ok,idw_raw=130.0
2026-07-18T02:01:23.252832+00:00,SOUTH TRIPURA,TRIPURA,D371822,23.17083,91.63882,101.0,7480.0,1.0234,ok,idw_raw=98.4
2026-07-18T02:01:26.258879+00:00,HOSHIARPUR,PUNJAB,144208,31.60929,75.84598,101.0,7426.0,1.0168,ok,idw_raw=99.4
2026-07-18T02:01:29.433581+00:00,VADODARA,GUJARAT,391760,22.31795,73.30487,113.0,7419.0,1.0813,ok,idw_raw=104.6
2026-07-18T02:01:32.649072+00:00,JAMMU,JAMMU AND KASHMIR,180017,32.76819,74.92113,118.0,7375.0,1.0897,ok,idw_raw=108.0
2026-07-18T02:01:35.815384+00:00,KRISHNAGIRI,TAMIL NADU,635116,12.51521,78.00938,101.0,7358.0,1.0134,ok,idw_raw=100.1
2026-07-19T02:00:20.147150+00:00,NICOBARS,ANDAMAN &NICOBAR,,,,,10306.0,,geocode_fail,
2026-07-19T02:00:22.967678+00:00,DAKSHIN BASTAR DANTEWADA,CHHATTISGARH,,,,,8198.0,,geocode_fail,
2026-07-19T02:00:28.915026+00:00,CHITTOOR,ANDHRA PRADESH,D832760,13.32504,79.64806,93.0,7324.0,1.0254,ok,idw_raw=91.1
2026-07-19T02:00:31.808619+00:00,MAHABUBNAGAR,TELANGANA,D155696,16.69657,77.95911,112.0,7297.0,1.0466,ok,idw_raw=107.3
2026-07-19T02:00:33.145018+00:00,KURUNG KUMEY,ARUNACHAL PRADESH,791118,27.98637,93.15783,94.0,7288.0,0.9738,ok,idw_raw=96.0
2026-07-19T02:00:36.256936+00:00,WEST GODAVARI,ANDHRA PRADESH,533309,16.6443,81.58852,95.0,7255.0,1.022,ok,idw_raw=92.7
2026-07-19T02:00:38.424898+00:00,DIU,DAMAN  & DIU,362520,20.71595,70.9785,87.0,7245.0,1.0,ok,idw_raw=86.6
2026-07-19T02:00:41.841908+00:00,GUNTUR,ANDHRA PRADESH,522307,16.28535,80.56861,96.0,7242.0,1.0214,ok,idw_raw=93.9
2026-07-19T02:00:43.489857+00:00,SARAIKELA-KHARSAWAN,JHARKHAND,833219,22.74642,85.91689,151.0,7237.0,1.2436,ok,idw_raw=121.3
2026-07-19T02:00:46.790311+00:00,MALAPPURAM,KERALA,676121,11.10684,76.10996,84.0,7199.0,0.9038,ok,idw_raw=92.7
2026-07-19T02:00:50.012336+00:00,KHORDHA,ODISHA,752020,20.05381,85.50233,158.0,7185.0,1.2173,ok,idw_raw=129.7
2026-07-19T02:00:52.189413+00:00,RANGAREDDY,TELANGANA,500104,17.42336,78.37754,111.0,7178.0,1.0406,ok,idw_raw=106.2
2026-07-19T02:00:55.145325+00:00,AMBALA,HARYANA,133104,30.3435,76.94936,100.0,7156.0,1.0279,ok,idw_raw=97.4
2026-07-19T02:00:58.146805+00:00,TIRUCHIRAPPALLI,TAMIL NADU,D731829,10.85046,78.72453,102.0,7152.0,1.0033,ok,idw_raw=101.5
2026-07-19T02:01:01.120001+00:00,ANANTHAPUR,ANDHRA PRADESH,D591824,14.53008,77.6672,79.0,7125.0,1.0156,ok,idw_raw=77.7
2026-07-19T02:01:05.258040+00:00,NALGONDA,TELANGANA,508377,16.85796,79.21749,108.0,7120.0,1.0376,ok,idw_raw=103.9
2026-07-19T02:01:07.898050+00:00,SUNDARGARH,ODISHA,770011,22.06052,83.93592,169.0,7119.0,1.2133,ok,idw_raw=139.7
2026-07-19T02:01:10.830537+00:00,MOGA,PUNJAB,142001,30.78776,75.15936,100.0,7118.0,1.0018,ok,idw_raw=100.3
2026-07-19T02:01:13.838775+00:00,RAMANATHAPURAM,TAMIL NADU,623700,9.52056,78.51846,113.0,7112.0,1.0014,ok,idw_raw=112.6
2026-07-19T02:01:16.893934+00:00,KANNUR,KERALA,670593,11.98633,75.54797,79.0,7101.0,0.8995,ok,idw_raw=87.3
2026-07-19T02:01:19.570762+00:00,UPPER SIANG,ARUNACHAL PRADESH,791002,28.7312,95.03773,93.0,7100.0,0.9649,ok,idw_raw=95.9
2026-07-19T02:01:22.704091+00:00,AMRITSAR,PUNJAB,D840134,31.76858,74.83156,101.0,7092.0,1.0005,ok,idw_raw=100.5
2026-07-19T02:01:25.563130+00:00,CHAMPHAI,MIZORAM,796321,23.54437,93.34795,91.0,7089.0,0.9249,ok,idw_raw=98.3
2026-07-19T02:01:28.748865+00:00,BATHINDA,PUNJAB,D450640,30.17948,75.04711,107.0,7081.0,1.0,ok,idw_raw=107.0
2026-07-19T02:01:31.706860+00:00,SHIMOGA,KARNATAKA,D794154,14.05565,75.23806,100.0,7061.0,1.0328,ok,idw_raw=97.2
2026-07-20T02:00:19.722979+00:00,NICOBARS,ANDAMAN &NICOBAR,,,,,10306.0,,geocode_fail,
2026-07-20T02:00:22.383272+00:00,DAKSHIN BASTAR DANTEWADA,CHHATTISGARH,,,,,8198.0,,geocode_fail,
2026-07-20T02:00:29.001316+00:00,VELLORE,TAMIL NADU,632010,12.90218,79.0611,104.0,7056.0,0.9986,ok,idw_raw=103.8
2026-07-20T02:00:32.164943+00:00,MEWAT,HARYANA,122104,27.79396,77.01208,99.0,7052.0,1.0226,ok,idw_raw=96.9
2026-07-20T02:00:35.195021+00:00,KISHTWAR,JAMMU AND KASHMIR,D745712,33.61562,75.8794,117.0,7048.0,1.0725,ok,idw_raw=109.3
2026-07-20T02:00:38.811067+00:00,PORBANDAR,GUJARAT,D524797,21.60298,69.85381,102.0,7046.0,1.062,ok,idw_raw=95.9
2026-07-20T02:00:43.043018+00:00,KIPHIRE,NAGALAND,798611,25.81171,94.8474,100.0,7019.0,1.0032,ok,idw_raw=99.5
2026-07-20T02:00:46.730992+00:00,KANGRA,HIMACHAL PRADESH,176002,32.07687,76.29859,95.0,7018.0,0.9812,ok,idw_raw=97.2
2026-07-20T02:00:50.081100+00:00,PALWAL,HARYANA,D706630,28.05994,77.32234,109.0,7018.0,1.0209,ok,idw_raw=106.6
2026-07-20T02:00:52.822660+00:00,KASARAGOD,KERALA,D910402,12.4222,75.19044,84.0,6993.0,0.8947,ok,idw_raw=93.6
2026-07-20T02:00:55.770365+00:00,GHAZIABAD,UTTAR PRADESH,201206,28.775,77.4587,127.0,6983.0,1.2057,ok,idw_raw=105.0
2026-07-20T02:00:58.680891+00:00,TUENSANG,NAGALAND,798616,26.23421,94.74155,100.0,6974.0,1.001,ok,idw_raw=99.8
2026-07-20T02:01:02.449182+00:00,MAMIT,MIZORAM,D750446,23.75644,92.45154,90.0,6965.0,0.9192,ok,idw_raw=97.9
2026-07-20T02:01:05.977070+00:00,PEREN,NAGALAND,D237982,25.44997,93.60017,103.0,6955.0,1.0,ok,idw_raw=103.4
2026-07-20T02:01:09.621055+00:00,MEERUT,UTTAR PRADESH,250001,29.00186,77.76797,133.0,6939.0,1.203,ok,idw_raw=110.7
2026-07-20T02:01:13.218658+00:00,DURG,CHHATTISGARH,D534240,21.1983,81.40079,134.0,6929.0,1.2511,ok,idw_raw=107.0
2026-07-20T02:01:15.093830+00:00,JHUNJHUNUNU,RAJASTHAN,333001,28.10714,75.37552,108.0,6923.0,1.0758,ok,idw_raw=100.0
2026-07-20T02:01:18.186314+00:00,GANDHINAGAR,GUJARAT,382620,23.28195,72.65363,94.0,6901.0,1.0543,ok,idw_raw=88.8
2026-07-20T02:01:21.013959+00:00,CHIKKABALLAPURA,KARNATAKA,562104,13.58979,77.77879,79.0,6900.0,1.0245,ok,idw_raw=76.8
2026-07-20T02:01:24.055791+00:00,DHANBAD,JHARKHAND,828109,23.8452,86.46366,153.0,6876.0,1.2215,ok,idw_raw=125.2
2026-07-20T02:01:25.830978+00:00,GARHWAL,UTTARAKAND,246488,30.25,79.33333,93.0,6851.0,1.0389,ok,idw_raw=89.9
2026-07-20T02:01:29.302677+00:00,DINDIGUL,TAMIL NADU,624622,10.42569,77.81566,107.0,6849.0,0.9883,ok,idw_raw=108.6
2026-07-20T02:01:32.749201+00:00,MANDI,HIMACHAL PRADESH,175021,31.65166,77.00925,94.0,6839.0,0.9724,ok,idw_raw=96.3
2026-07-20T02:01:35.408815+00:00,MANDYA,KARNATAKA,D549883,12.63689,76.72755,91.0,6831.0,1.0209,ok,idw_raw=89.5
2026-07-21T02:00:19.443180+00:00,NICOBARS,ANDAMAN &NICOBAR,,,,,10306.0,,geocode_fail,
2026-07-21T02:00:22.407329+00:00,DAKSHIN BASTAR DANTEWADA,CHHATTISGARH,,,,,8198.0,,geocode_fail,
2026-07-21T02:00:31.013221+00:00,PULWAMA,JAMMU AND KASHMIR,D285577,33.94905,75.04183,118.0,6827.0,1.0606,ok,idw_raw=111.1
2026-07-21T02:00:34.651931+00:00,SATARA,MAHARASHTRA,D474943,17.63613,74.29828,106.0,6819.0,1.076,ok,idw_raw=98.1
2026-07-21T02:00:37.887902+00:00,PRAKASAM,ANDHRA PRADESH,523262,15.5642,80.00668,98.0,6817.0,1.0,ok,idw_raw=97.7
2026-07-21T02:00:39.394075+00:00,MUKTSAR,PUNJAB,152026,30.46559,74.52095,104.0,6798.0,0.9858,ok,idw_raw=105.5
2026-07-21T02:00:42.287083+00:00,BHILWARA,RAJASTHAN,D794663,25.47099,74.69613,103.0,6796.0,1.0688,ok,idw_raw=96.0
2026-07-21T02:00:45.937460+00:00,DHARWAD,KARNATAKA,580020,15.37073,75.13329,97.0,6782.0,1.0183,ok,idw_raw=95.5
2026-07-21T02:00:49.309668+00:00,RUPNAGAR,PUNJAB,140118,31.09171,76.52897,98.0,6757.0,0.9837,ok,idw_raw=99.7
2026-07-21T02:00:52.513058+00:00,KOLAR,KARNATAKA,563126,13.18051,78.26693,108.0,6750.0,1.0166,ok,idw_raw=105.9
2026-07-21T02:00:55.707350+00:00,EAST GODAVARI,ANDHRA PRADESH,534350,16.99566,81.71544,95.0,6747.0,0.9964,ok,idw_raw=95.1
2026-07-21T02:00:57.212748+00:00,DARJILING,WEST BENGAL,734431,26.75,88.25,104.0,6740.0,1.1173,ok,idw_raw=93.4
2026-07-21T02:01:00.406443+00:00,HASSAN,KARNATAKA,573118,13.03019,76.1745,101.0,6740.0,1.0161,ok,idw_raw=99.8
2026-07-21T02:01:03.925122+00:00,OSMANABAD,MAHARASHTRA,D363985,18.16984,76.11796,107.0,6713.0,1.0701,ok,idw_raw=100.1
2026-07-21T02:01:08.004280+00:00,NORTHTWENTYFOURPARGANAS,WEST BENGAL,,,,,6710.0,,geocode_fail,
2026-07-21T02:01:11.080835+00:00,WARANGAL,TELANGANA,506331,17.86758,79.80195,104.0,6710.0,1.0163,ok,idw_raw=102.5
2026-07-21T02:01:15.037744+00:00,KOTA,RAJASTHAN,325203,25.19668,76.00097,94.0,6684.0,1.0626,ok,idw_raw=88.6
2026-07-21T02:01:18.077002+00:00,BHOPAL,MADHYA PRADESH,D470467,23.48398,77.39285,110.0,6656.0,1.1624,ok,idw_raw=94.4
2026-07-21T02:01:19.440994+00:00,WEST NIMAR,MADHYA PRADESH,451440,21.83333,75.5,114.0,6650.0,1.162,ok,idw_raw=97.8
2026-07-21T02:01:22.639137+00:00,SONIPAT,HARYANA,D726977,29.04142,76.92271,91.0,6642.0,1.0014,ok,idw_raw=90.7
2026-07-21T02:01:25.659581+00:00,CHURU,RAJASTHAN,D846953,28.20478,74.6913,106.0,6623.0,1.0592,ok,idw_raw=100.0
2026-07-21T02:01:28.691017+00:00,SANGRUR,PUNJAB,D552582,30.13572,75.85333,100.0,6616.0,0.9765,ok,idw_raw=102.1
2026-07-21T02:01:32.287678+00:00,KURUKSHETRA,HARYANA,D140377,30.06067,76.76311,98.0,6615.0,1.0,ok,idw_raw=97.6
2026-07-21T02:01:35.502974+00:00,UDUPI,KARNATAKA,576124,13.52698,74.87319,101.0,6611.0,1.0092,ok,idw_raw=100.4
2026-07-22T02:00:19.093330+00:00,NICOBARS,ANDAMAN &NICOBAR,,,,,10306.0,,geocode_fail,
2026-07-22T02:00:22.468118+00:00,DAKSHIN BASTAR DANTEWADA,CHHATTISGARH,,,,,8198.0,,geocode_fail,
2026-07-22T02:00:31.359287+00:00,NORTHTWENTYFOURPARGANAS,WEST BENGAL,,,,,6710.0,,geocode_fail,
2026-07-22T02:00:34.059380+00:00,JAISALMER,RAJASTHAN,D272288,27.02642,70.77751,110.0,6607.0,1.0583,ok,idw_raw=104.0
2026-07-22T02:00:37.448927+00:00,FATEHGARH SAHIB,PUNJAB,140407,30.6634,76.3803,98.0,6606.0,0.976,ok,idw_raw=99.9
2026-07-22T02:00:40.583453+00:00,PANIPAT,HARYANA,142023,29.34729,76.88716,99.0,6603.0,0.9994,ok,idw_raw=99.5
2026-07-22T02:00:43.780531+00:00,FARIDKOT,PUNJAB,151209,30.60145,74.79502,100.0,6602.0,0.9758,ok,idw_raw=102.6
2026-07-22T02:00:46.934551+00:00,KHAMMAM,TELANGANA,507167,17.17292,80.40575,108.0,6598.0,1.0103,ok,idw_raw=106.8
2026-07-22T02:00:49.863546+00:00,RATNAGIRI,MAHARASHTRA,D838687,17.28261,73.45698,112.0,6579.0,1.0626,ok,idw_raw=105.5
2026-07-22T02:00:53.057106+00:00,LUCKNOW,UTTAR PRADESH,226001,26.83125,80.91742,134.0,6561.0,1.1797,ok,idw_raw=113.9
2026-07-22T02:00:56.701527+00:00,IMPHAL WEST,MANIPUR,795113,24.75908,93.86174,106.0,6554.0,1.0819,ok,idw_raw=98.2
2026-07-22T02:00:59.510822+00:00,PHEK,NAGALAND,797102,25.67009,94.38439,99.0,6527.0,0.978,ok,idw_raw=101.3
2026-07-22T02:01:02.945263+00:00,MANSA,PUNJAB,151503,29.87641,75.48896,99.0,6525.0,0.9718,ok,idw_raw=101.9
2026-07-22T02:01:05.581340+00:00,DHALAI,TRIPURA,799273,23.82532,91.97322,94.0,6525.0,0.9756,ok,idw_raw=96.7
2026-07-22T02:01:07.214113+00:00,EAST SIANG,ARUNACHAL PRADESH,791104,28.07422,95.41781,89.0,6517.0,0.9364,ok,idw_raw=95.5
2026-07-22T02:01:10.618693+00:00,VIRUDHUNAGAR,TAMIL NADU,D848859,9.49263,77.86318,97.0,6488.0,0.9697,ok,idw_raw=100.5
2026-07-22T02:01:13.541880+00:00,VALSAD,GUJARAT,D436336,20.4322,73.14099,100.0,6484.0,1.0315,ok,idw_raw=97.4
2026-07-22T02:01:16.204466+00:00,CHITRADURGA,KARNATAKA,D649886,14.30492,76.52967,92.0,6460.0,1.0011,ok,idw_raw=91.7
2026-07-22T02:01:19.424708+00:00,LATUR,MAHARASHTRA,D997922,18.35533,76.7549,110.0,6457.0,1.0556,ok,idw_raw=103.8
2026-07-22T02:01:22.836210+00:00,BIJAPUR,KARNATAKA,586127,16.81442,75.89339,97.0,6419.0,0.9989,ok,idw_raw=96.7
2026-07-22T02:01:25.738132+00:00,VIZIANAGARAM,ANDHRA PRADESH,D782262,18.276,83.46627,97.0,6415.0,0.979,ok,idw_raw=99.6
2026-07-22T02:01:28.955238+00:00,UTTARA KANNADA,KARNATAKA,D501306,14.72538,74.64034,98.0,6405.0,0.9981,ok,idw_raw=98.2
2026-07-22T02:01:30.463976+00:00,THOOTHUKKUDI,TAMIL NADU,628001,8.80034,78.1333,116.0,6399.0,0.965,ok,idw_raw=120.5
2026-07-22T02:01:33.492118+00:00,KARNAL,HARYANA,D823806,29.72558,76.91069,96.0,6394.0,0.9882,ok,idw_raw=97.3
2026-07-23T02:00:19.972262+00:00,NICOBARS,ANDAMAN &NICOBAR,,,,,10306.0,,geocode_fail,
2026-07-23T02:00:23.048101+00:00,DAKSHIN BASTAR DANTEWADA,CHHATTISGARH,,,,,8198.0,,geocode_fail,
2026-07-23T02:00:32.647699+00:00,NORTHTWENTYFOURPARGANAS,WEST BENGAL,,,,,6710.0,,geocode_fail,
2026-07-23T02:00:35.999508+00:00,NORTH TRIPURA,TRIPURA,D832430,24.09215,92.24512,92.0,6381.0,0.968,ok,idw_raw=94.6
2026-07-23T02:00:38.908535+00:00,SRIKAKULAM,ANDHRA PRADESH,D525821,18.62244,84.14438,108.0,6364.0,0.9762,ok,idw_raw=110.3
2026-07-23T02:00:42.197391+00:00,SANGLI,MAHARASHTRA,416314,17.17269,74.58677,99.0,6360.0,1.0501,ok,idw_raw=94.7
2026-07-23T02:00:45.942843+00:00,PITHORAGARH,UTTARAKAND,D447102,30.1265,80.4817,97.0,6350.0,1.0117,ok,idw_raw=96.3
2026-07-23T02:00:49.492320+00:00,KADAPA,ANDHRA PRADESH,D871865,14.53958,78.65823,88.0,6334.0,0.9746,ok,idw_raw=89.9
2026-07-23T02:00:52.415391+00:00,WOKHA,NAGALAND,D609641,26.24225,94.19212,97.0,6329.0,0.9675,ok,idw_raw=100.4
2026-07-23T02:00:54.792516+00:00,TUMKUR,KARNATAKA,572128,13.49994,77.00024,100.0,6328.0,0.9939,ok,idw_raw=100.5
2026-07-23T02:00:57.750138+00:00,SRINAGAR,JAMMU AND KASHMIR,190001,34.11788,74.96592,118.0,6326.0,1.0327,ok,idw_raw=114.4
2026-07-23T02:01:00.452269+00:00,KARUR,TAMIL NADU,D582880,10.82177,78.38287,101.0,6316.0,0.9606,ok,idw_raw=105.3
2026-07-23T02:01:03.446485+00:00,KODAGU,KARNATAKA,571201,12.38273,75.66407,100.0,6315.0,0.9932,ok,idw_raw=100.7
2026-07-23T02:01:06.382251+00:00,JAMNAGAR,GUJARAT,D853564,22.32997,70.13275,98.0,6299.0,1.0211,ok,idw_raw=96.3
2026-07-23T02:01:09.636717+00:00,CHANGLANG,ARUNACHAL PRADESH,792123,27.26988,96.06024,88.0,6295.0,0.9251,ok,idw_raw=95.1
2026-07-23T02:01:12.856336+00:00,CHHINDWARA,MADHYA PRADESH,D213047,22.20719,78.79883,105.0,6276.0,1.1387,ok,idw_raw=92.0
2026-07-23T02:01:15.763022+00:00,DHARMAPURI,TAMIL NADU,636700,12.14561,78.11322,92.0,6268.0,0.9581,ok,idw_raw=96.0
2026-07-23T02:01:19.302967+00:00,ALMORA,UTTARAKAND,263654,29.70265,79.43263,101.0,6259.0,1.0066,ok,idw_raw=100.7
2026-07-23T02:01:22.271243+00:00,SIKAR,RAJASTHAN,332041,27.66242,75.028,106.0,6229.0,1.0367,ok,idw_raw=102.6
2026-07-23T02:01:24.451002+00:00,RAMANAGARA,KARNATAKA,562159,12.73086,77.28906,85.0,6221.0,0.988,ok,idw_raw=85.8
2026-07-23T02:01:28.134187+00:00,SHAHID BHAGAT,PUNJAB,D877003,30.99936,74.54843,97.0,6220.0,0.9556,ok,idw_raw=101.3
2026-07-23T02:01:31.756872+00:00,KARIMNAGAR,TELANGANA,505469,18.4076,79.21829,106.0,6216.0,0.9895,ok,idw_raw=107.2
2026-07-23T02:01:35.132414+00:00,BHARUCH,GUJARAT,392140,21.83574,72.88209,112.0,6209.0,1.016,ok,idw_raw=110.2
2026-07-23T02:01:38.323871+00:00,LAHUL & SPITI,HIMACHAL PRADESH,,,,,6201.0,,geocode_fail,
2026-07-24T02:00:20.926414+00:00,NICOBARS,ANDAMAN &NICOBAR,,,,,10306.0,,geocode_fail,
2026-07-24T02:00:24.608986+00:00,DAKSHIN BASTAR DANTEWADA,CHHATTISGARH,,,,,8198.0,,geocode_fail,
2026-07-24T02:00:34.125455+00:00,NORTHTWENTYFOURPARGANAS,WEST BENGAL,,,,,6710.0,,geocode_fail,
2026-07-24T02:00:37.083779+00:00,LAHUL & SPITI,HIMACHAL PRADESH,,,,,6201.0,,geocode_fail,
2026-07-24T02:00:39.995845+00:00,ARIYALUR,TAMIL NADU,621804,11.15306,79.25858,101.0,6168.0,0.9527,ok,idw_raw=106.4
2026-07-24T02:00:43.667250+00:00,VILUPPURAM,TAMIL NADU,604302,12.1167,79.59892,81.0,6158.0,0.9522,ok,idw_raw=84.6
2026-07-24T02:00:45.207626+00:00,LONGLENG,NAGALAND,798625,26.58393,94.80455,96.0,6149.0,0.9578,ok,idw_raw=100.2
2026-07-24T02:00:48.626436+00:00,ZUNHEBOTO,NAGALAND,D850617,26.01238,94.51237,95.0,6138.0,0.9572,ok,idw_raw=99.2
2026-07-24T02:00:52.335061+00:00,NELLORE,ANDHRA PRADESH,524311,14.557,79.72348,93.0,6133.0,0.9637,ok,idw_raw=97.0
2026-07-24T02:00:55.523348+00:00,JORHAT,ASSAM,785634,26.65008,94.27006,108.0,6118.0,1.1058,ok,idw_raw=98.0
2026-07-24T02:00:58.633624+00:00,THANJAVUR,TAMIL NADU,613904,10.65904,79.20143,93.0,6118.0,0.95,ok,idw_raw=98.3
2026-07-24T02:01:01.992136+00:00,WAYANAD,KERALA,670721,11.71513,76.12712,73.0,6112.0,0.8535,ok,idw_raw=85.5
2026-07-24T02:01:05.365888+00:00,FATEHABAD,HARYANA,D965985,29.53592,75.57529,103.0,6077.0,0.9707,ok,idw_raw=106.6
2026-07-24T02:01:08.975931+00:00,SINDHUDURG,MAHARASHTRA,416603,16.13572,73.65221,109.0,6073.0,1.0332,ok,idw_raw=105.8
2026-07-24T02:01:10.850893+00:00,KACHCHH,GUJARAT,370427,23.10108,69.60991,96.0,6062.0,1.0075,ok,idw_raw=94.9
2026-07-24T02:01:14.953714+00:00,NAGAPATTINAM,TAMIL NADU,614712,10.60262,79.76193,88.0,6053.0,0.9464,ok,idw_raw=93.2
2026-07-24T02:01:16.574996+00:00,SIVAGANGA,TAMIL NADU,630556,9.86718,78.55048,95.0,6050.0,0.9463,ok,idw_raw=100.4
2026-07-24T02:01:19.643551+00:00,TARN TARAN,PUNJAB,143415,31.32125,74.84167,95.0,6041.0,0.9459,ok,idw_raw=99.9
2026-07-24T02:01:23.756839+00:00,UDHAM SINGH NAGAR,UTTARAKAND,263145,29.04783,79.43262,109.0,6027.0,0.9933,ok,idw_raw=109.3
2026-07-24T02:01:27.402727+00:00,UDAIPUR,RAJASTHAN,313702,24.4535,73.40704,93.0,6020.0,1.0244,ok,idw_raw=91.0
2026-07-24T02:01:31.012268+00:00,KANPUR NAGAR,UTTAR PRADESH,208012,26.44101,80.26528,136.0,6013.0,1.1442,ok,idw_raw=118.7
2026-07-24T02:01:34.217277+00:00,HARDA,MADHYA PRADESH,D483105,22.2428,77.11792,111.0,5999.0,1.1209,ok,idw_raw=99.0
2026-07-24T02:01:36.390422+00:00,SABAR KANTHA,GUJARAT,383315,23.5,73.25,89.0,5970.0,1.0021,ok,idw_raw=88.7
2026-07-24T02:01:39.506044+00:00,SIRMAUR,HIMACHAL PRADESH,173023,30.69913,77.44653,89.0,5965.0,0.927,ok,idw_raw=96.0
2026-07-25T02:00:21.017244+00:00,NICOBARS,ANDAMAN &NICOBAR,,,,,10306.0,,geocode_fail,
2026-07-25T02:00:24.654627+00:00,DAKSHIN BASTAR DANTEWADA,CHHATTISGARH,,,,,8198.0,,geocode_fail,
2026-07-25T02:00:33.017881+00:00,NORTHTWENTYFOURPARGANAS,WEST BENGAL,,,,,6710.0,,geocode_fail,
2026-07-25T02:00:35.906136+00:00,LAHUL & SPITI,HIMACHAL PRADESH,,,,,6201.0,,geocode_fail,
2026-07-25T02:00:39.322429+00:00,KULGAM,JAMMU AND KASHMIR,D629957,33.62502,74.69495,117.0,5964.0,1.0116,ok,idw_raw=115.3
2026-07-25T02:00:42.719870+00:00,AJMER,RAJASTHAN,305600,26.33189,74.71698,92.0,5902.0,1.0173,ok,idw_raw=90.8
2026-07-25T02:00:45.873988+00:00,JUNAGADH,GUJARAT,362260,21.33648,70.42504,95.0,5897.0,0.9978,ok,idw_raw=95.0
2026-07-25T02:00:49.574086+00:00,KURNOOL,ANDHRA PRADESH,518465,15.54788,77.55426,86.0,5896.0,0.9505,ok,idw_raw=90.1
2026-07-25T02:00:52.887917+00:00,NASHIK,MAHARASHTRA,D966900,20.22546,74.10423,103.0,5887.0,1.022,ok,idw_raw=100.4
2026-07-25T02:00:56.408989+00:00,SIVASAGAR,ASSAM,785600,26.99397,94.62039,110.0,5872.0,1.09,ok,idw_raw=100.5
2026-07-25T02:00:59.298128+00:00,DIBRUGARH,ASSAM,786001,27.4006,94.99509,118.0,5865.0,1.0895,ok,idw_raw=107.9
2026-07-25T02:01:03.456850+00:00,JHANSI,UTTAR PRADESH,D248418,25.52986,78.65278,135.0,5856.0,1.1337,ok,idw_raw=119.0
2026-07-25T02:01:07.124854+00:00,SINGRAULI,MADHYA PRADESH,486896,24.24313,82.38277,162.0,5856.0,1.1114,ok,idw_raw=145.5
2026-07-25T02:01:10.664096+00:00,WARDHA,MAHARASHTRA,D710636,20.82562,78.61315,97.0,5843.0,1.0194,ok,idw_raw=94.9
2026-07-25T02:01:13.573230+00:00,BHAVNAGAR,GUJARAT,D656917,21.56567,71.90776,105.0,5831.0,0.9939,ok,idw_raw=106.0
2026-07-25T02:01:15.351314+00:00,AURANGABAD,MAHARASHTRA,431002,19.87178,75.32108,106.0,5828.0,1.0184,ok,idw_raw=104.6
2026-07-25T02:01:18.377702+00:00,RAIPUR,CHHATTISGARH,D808830,21.28091,81.81641,160.0,5814.0,1.1766,ok,idw_raw=136.0
2026-07-25T02:01:25.187468+00:00,RANCHI,JHARKHAND,834010,23.3007,85.37388,175.0,5803.0,1.1511,ok,idw_raw=152.1
2026-07-25T02:01:28.095899+00:00,PATIALA,PUNJAB,D754715,30.20928,76.33972,92.0,5794.0,0.9322,ok,idw_raw=98.6
2026-07-25T02:01:31.285486+00:00,REASI,JAMMU AND KASHMIR,D888359,33.20599,74.86268,113.0,5788.0,1.0011,ok,idw_raw=113.4
2026-07-25T02:01:34.504297+00:00,BHARATPUR,RAJASTHAN,D629821,27.0247,77.29201,117.0,5778.0,1.0098,ok,idw_raw=115.5
2026-07-25T02:01:37.420399+00:00,TIRAP,ARUNACHAL PRADESH,792130,27.03017,95.49792,84.0,5776.0,0.8977,ok,idw_raw=93.1
2026-07-25T02:01:41.543846+00:00,KATHUA,JAMMU AND KASHMIR,D794573,32.58258,75.61048,108.0,5770.0,1.0,ok,idw_raw=107.9
2026-07-26T02:00:20.386164+00:00,NICOBARS,ANDAMAN &NICOBAR,,,,,10306.0,,geocode_fail,
2026-07-26T02:00:23.624326+00:00,DAKSHIN BASTAR DANTEWADA,CHHATTISGARH,,,,,8198.0,,geocode_fail,
2026-07-26T02:00:32.757109+00:00,NORTHTWENTYFOURPARGANAS,WEST BENGAL,,,,,6710.0,,geocode_fail,
2026-07-26T02:00:35.929288+00:00,LAHUL & SPITI,HIMACHAL PRADESH,,,,,6201.0,,geocode_fail,
2026-07-26T02:00:41.701892+00:00,GWALIOR,MADHYA PRADESH,D254856,26.02875,78.15707,136.0,5767.0,1.1055,ok,idw_raw=123.4
2026-07-26T02:00:44.614628+00:00,PURBI SINGHBHUM,JHARKHAND,,,,,5755.0,,geocode_fail,
2026-07-26T02:00:48.275379+00:00,THIRUVARUR,TAMIL NADU,614101,10.68786,79.49794,86.0,5739.0,0.929,ok,idw_raw=92.6
2026-07-26T02:00:51.169828+00:00,BURHANPUR,MADHYA PRADESH,D566928,21.33487,76.37088,122.0,5710.0,1.1017,ok,idw_raw=111.0
2026-07-26T02:00:54.330054+00:00,DAUSA,RAJASTHAN,303506,26.80487,76.44375,83.0,5685.0,1.0041,ok,idw_raw=82.9
2026-07-26T02:00:58.540428+00:00,NAVSARI,GUJARAT,396375,20.82971,73.03323,101.0,5678.0,0.9847,ok,idw_raw=102.6
2026-07-26T02:01:01.493145+00:00,JHAJJAR,HARYANA,124104,28.59645,76.65054,89.0,5664.0,0.9471,ok,idw_raw=94.4
2026-07-26T02:01:04.200320+00:00,GANGANAGAR,RAJASTHAN,335803,29.5,74.0,106.0,5619.0,1.0,ok,idw_raw=106.1
2026-07-26T02:01:07.129066+00:00,ANJAW,ARUNACHAL PRADESH,D433744,28.15539,96.84072,82.0,5609.0,0.8885,ok,idw_raw=92.3
2026-07-26T02:01:10.315265+00:00,SAMBA,JAMMU AND KASHMIR,184121,32.57591,75.12034,111.0,5603.0,0.9898,ok,idw_raw=112.4
2026-07-26T02:01:13.506811+00:00,JALGAON,MAHARASHTRA,425116,20.84288,75.52612,96.0,5603.0,1.0045,ok,idw_raw=95.6
2026-07-26T02:01:16.399091+00:00,IMPHAL EAST,MANIPUR,795010,24.83267,94.01689,106.0,5602.0,1.0241,ok,idw_raw=103.9
2026-07-26T02:01:19.568749+00:00,CHAMOLI,UTTARAKAND,D427457,30.4986,79.61905,96.0,5601.0,0.9682,ok,idw_raw=99.3
2026-07-26T02:01:22.937223+00:00,KOPPAL,KARNATAKA,D344010,15.57482,76.31185,86.0,5594.0,0.9519,ok,idw_raw=90.6
2026-07-26T02:01:25.558070+00:00,TINSUKIA,ASSAM,786153,27.59717,95.56685,120.0,5580.0,1.0707,ok,idw_raw=112.5
2026-07-26T02:01:28.674547+00:00,GADCHIROLI,MAHARASHTRA,D770954,19.75907,80.16228,103.0,5576.0,1.0028,ok,idw_raw=102.5
2026-07-26T02:01:31.706107+00:00,DAVANAGERE,KARNATAKA,577544,14.25588,75.83034,95.0,5552.0,0.9494,ok,idw_raw=100.2
2026-07-26T02:01:34.614963+00:00,HANUMANGARH,RAJASTHAN,D445699,29.36595,74.29843,107.0,5546.0,0.9954,ok,idw_raw=107.3
2026-07-26T02:01:38.290922+00:00,CUTTACK,ODISHA,D890490,20.37007,85.46973,168.0,5540.0,1.1114,ok,idw_raw=151.6
2026-07-27T02:00:20.611597+00:00,NICOBARS,ANDAMAN &NICOBAR,,,,,10306.0,,geocode_fail,
2026-07-27T02:00:23.811395+00:00,DAKSHIN BASTAR DANTEWADA,CHHATTISGARH,,,,,8198.0,,geocode_fail,
2026-07-27T02:00:32.038547+00:00,NORTHTWENTYFOURPARGANAS,WEST BENGAL,,,,,6710.0,,geocode_fail,
2026-07-27T02:00:35.701090+00:00,LAHUL & SPITI,HIMACHAL PRADESH,,,,,6201.0,,geocode_fail,
2026-07-27T02:00:43.341368+00:00,PURBI SINGHBHUM,JHARKHAND,,,,,5755.0,,geocode_fail,
2026-07-27T02:00:46.696157+00:00,TIRUVANNAMALAI,TAMIL NADU,D902798,12.42893,78.99915,90.0,5536.0,0.9173,ok,idw_raw=97.7
2026-07-27T02:00:49.795119+00:00,CHAMBA,HIMACHAL PRADESH,D958583,32.69233,76.16316,96.0,5535.0,0.903,ok,idw_raw=106.2
2026-07-27T02:00:52.663771+00:00,MATHURA,UTTAR PRADESH,281406,27.63333,77.58333,132.0,5519.0,1.1104,ok,idw_raw=119.0
2026-07-27T02:00:58.920367+00:00,CHAMPAWAT,UTTARAKAND,D884563,29.23503,80.10231,101.0,5502.0,0.9622,ok,idw_raw=104.7
2026-07-27T02:01:01.787900+00:00,JALOR,RAJASTHAN,D817915,25.16667,72.25,89.0,5489.0,0.9918,ok,idw_raw=90.1
2026-07-27T02:01:03.548290+00:00,AHMADNAGAR,MAHARASHTRA,414001,19.07435,74.722,100.0,5487.0,0.9972,ok,idw_raw=100.1
2026-07-27T02:01:07.084076+00:00,BANAS KANTHA,GUJARAT,D340635,24.25,72.5,85.0,5479.0,0.9725,ok,idw_raw=87.0
2026-07-27T02:01:10.396952+00:00,KULLU,HIMACHAL PRADESH,D717069,31.87783,77.44957,86.0,5443.0,0.8977,ok,idw_raw=95.9
2026-07-27T02:01:13.919422+00:00,HYDERABAD DISTRICT,TELANGANA,500023,17.38879,78.46106,104.0,5441.0,0.9444,ok,idw_raw=110.0
2026-07-27T02:01:17.097556+00:00,JIND,HARYANA,126125,29.4495,76.37362,91.0,5437.0,0.9337,ok,idw_raw=98.0
2026-07-27T02:01:20.217714+00:00,SAHARANPUR,UTTAR PRADESH,247001,29.98568,77.50406,99.0,5414.0,1.1029,ok,idw_raw=89.5
2026-07-27T02:01:23.418965+00:00,HISAR,HARYANA,D634761,29.23966,75.81745,97.0,5403.0,0.9316,ok,idw_raw=104.4
2026-07-28T02:00:21.163776+00:00,NICOBARS,ANDAMAN &NICOBAR,,,,,10306.0,,geocode_fail,
2026-07-28T02:00:24.514641+00:00,DAKSHIN BASTAR DANTEWADA,CHHATTISGARH,,,,,8198.0,,geocode_fail,
2026-07-28T02:00:32.762920+00:00,NORTHTWENTYFOURPARGANAS,WEST BENGAL,,,,,6710.0,,geocode_fail,
2026-07-28T02:00:35.837183+00:00,LAHUL & SPITI,HIMACHAL PRADESH,,,,,6201.0,,geocode_fail,
2026-07-28T02:00:41.878070+00:00,PURBI SINGHBHUM,JHARKHAND,,,,,5755.0,,geocode_fail,
2026-07-29T02:00:18.935662+00:00,NICOBARS,ANDAMAN &NICOBAR,,,,,10306.0,,geocode_fail,
2026-07-29T02:00:22.584179+00:00,DAKSHIN BASTAR DANTEWADA,CHHATTISGARH,,,,,8198.0,,geocode_fail,
2026-07-29T02:00:32.203293+00:00,NORTHTWENTYFOURPARGANAS,WEST BENGAL,,,,,6710.0,,geocode_fail,
2026-07-29T02:00:35.384900+00:00,LAHUL & SPITI,HIMACHAL PRADESH,,,,,6201.0,,geocode_fail,
2026-07-29T02:00:41.269745+00:00,PURBI SINGHBHUM,JHARKHAND,,,,,5755.0,,geocode_fail,
2026-07-30T02:00:20.752123+00:00,NICOBARS,ANDAMAN &NICOBAR,,,,,10306.0,,geocode_fail,
2026-07-30T02:00:23.709350+00:00,DAKSHIN BASTAR DANTEWADA,CHHATTISGARH,,,,,8198.0,,geocode_fail,
2026-07-30T02:00:34.431978+00:00,NORTHTWENTYFOURPARGANAS,WEST BENGAL,,,,,6710.0,,geocode_fail,
2026-07-30T02:00:37.129049+00:00,LAHUL & SPITI,HIMACHAL PRADESH,,,,,6201.0,,geocode_fail,
2026-07-30T02:00:42.775454+00:00,PURBI SINGHBHUM,JHARKHAND,,,,,5755.0,,geocode_fail,
2026-07-31T02:00:19.859164+00:00,NICOBARS,ANDAMAN &NICOBAR,,,,,10306.0,,geocode_fail,
2026-07-31T02:00:22.783885+00:00,DAKSHIN BASTAR DANTEWADA,CHHATTISGARH,,,,,8198.0,,geocode_fail,
2026-07-31T02:00:32.135873+00:00,NORTHTWENTYFOURPARGANAS,WEST BENGAL,,,,,6710.0,,geocode_fail,
2026-07-31T02:00:35.040688+00:00,LAHUL & SPITI,HIMACHAL PRADESH,,,,,6201.0,,geocode_fail,
2026-07-31T02:00:41.147703+00:00,PURBI SINGHBHUM,JHARKHAND,,,,,5755.0,,geocode_fail,
2026-08-01T02:00:22.182075+00:00,NICOBARS,ANDAMAN &NICOBAR,,,,,10306.0,,geocode_fail,
2026-08-01T02:00:25.628498+00:00,DAKSHIN BASTAR DANTEWADA,CHHATTISGARH,,,,,8198.0,,geocode_fail,
2026-08-01T02:00:35.463363+00:00,NORTHTWENTYFOURPARGANAS,WEST BENGAL,,,,,6710.0,,geocode_fail,
2026-08-01T02:00:39.735072+00:00,LAHUL & SPITI,HIMACHAL PRADESH,,,,,6201.0,,geocode_fail,
2026-08-01T02:01:01.414819+00:00,PURBI SINGHBHUM,JHARKHAND,,,,,5755.0,,geocode_fail,
2026-08-02T02:00:18.522146+00:00,NICOBARS,ANDAMAN &NICOBAR,,,,,10306.0,,geocode_fail,
2026-08-02T02:00:21.386044+00:00,DAKSHIN BASTAR DANTEWADA,CHHATTISGARH,,,,,8198.0,,geocode_fail,
2026-08-02T02:00:31.968919+00:00,NORTHTWENTYFOURPARGANAS,WEST BENGAL,,,,,6710.0,,geocode_fail,
2026-08-02T02:00:35.709367+00:00,LAHUL & SPITI,HIMACHAL PRADESH,,,,,6201.0,,geocode_fail,
2026-08-02T02:00:43.411868+00:00,PURBI SINGHBHUM,JHARKHAND,,,,,5755.0,,geocode_fail,
2026-08-03T02:00:32.158826+00:00,NICOBARS,ANDAMAN &NICOBAR,,,,,10306.0,,geocode_fail,
2026-08-03T02:00:35.230632+00:00,DAKSHIN BASTAR DANTEWADA,CHHATTISGARH,,,,,8198.0,,geocode_fail,
2026-08-03T02:00:44.170913+00:00,NORTHTWENTYFOURPARGANAS,WEST BENGAL,,,,,6710.0,,geocode_fail,
2026-08-03T02:00:47.137033+00:00,LAHUL & SPITI,HIMACHAL PRADESH,,,,,6201.0,,geocode_fail,
2026-08-03T02:00:53.163974+00:00,PURBI SINGHBHUM,JHARKHAND,,,,,5755.0,,geocode_fail,
2026-08-04T02:00:14.166151+00:00,NORTH WEST,DELHI,D395541,28.70631,77.10879,111.0,10444.0,0.9991,ok,idw_raw=110.6
2026-08-04T02:00:18.135318+00:00,EAST,DELHI,110053,28.71852,77.26451,108.0,10441.0,0.999,ok,idw_raw=108.0
2026-08-04T02:00:20.973106+00:00,NICOBARS,ANDAMAN &NICOBAR,,,,,10306.0,,geocode_fail,
2026-08-04T02:00:24.317655+00:00,DAKSHIN BASTAR DANTEWADA,CHHATTISGARH,,,,,8198.0,,geocode_fail,
2026-08-04T02:00:53.589938+00:00,NORTHTWENTYFOURPARGANAS,WEST BENGAL,,,,,6710.0,,geocode_fail,
2026-08-04T02:00:56.498609+00:00,LAHUL & SPITI,HIMACHAL PRADESH,,,,,6201.0,,geocode_fail,
2026-08-04T02:01:03.216384+00:00,PURBI SINGHBHUM,JHARKHAND,,,,,5755.0,,geocode_fail,
2026-08-05T02:00:13.358971+00:00,NICOBARS,ANDAMAN &NICOBAR,,,,,10306.0,,geocode_fail,
2026-08-05T02:00:16.269107+00:00,DAKSHIN BASTAR DANTEWADA,CHHATTISGARH,,,,,8198.0,,geocode_fail,
2026-08-05T02:00:19.993940+00:00,NORTH,DELHI,D367866,28.70631,77.10879,100.0,7910.0,0.9065,ok,idw_raw=110.6
2026-08-05T02:00:26.208915+00:00,NORTHTWENTYFOURPARGANAS,WEST BENGAL,,,,,6710.0,,geocode_fail,
2026-08-05T02:00:28.970982+00:00,LAHUL & SPITI,HIMACHAL PRADESH,,,,,6201.0,,geocode_fail,
2026-08-05T02:00:36.162082+00:00,PURBI SINGHBHUM,JHARKHAND,,,,,5755.0,,geocode_fail,
2026-08-06T02:00:14.007554+00:00,NICOBARS,ANDAMAN &NICOBAR,,,,,10306.0,,geocode_fail,
2026-08-06T02:00:17.456077+00:00,DAKSHIN BASTAR DANTEWADA,CHHATTISGARH,,,,,8198.0,,geocode_fail,
2026-08-06T02:00:23.545491+00:00,NORTHTWENTYFOURPARGANAS,WEST BENGAL,,,,,6710.0,,geocode_fail,
2026-08-06T02:00:26.458495+00:00,LAHUL & SPITI,HIMACHAL PRADESH,,,,,6201.0,,geocode_fail,
2026-08-06T02:00:33.736861+00:00,PURBI SINGHBHUM,JHARKHAND,,,,,5755.0,,geocode_fail,
2026-08-07T02:00:13.194638+00:00,NICOBARS,ANDAMAN &NICOBAR,,,,,10306.0,,geocode_fail,
2026-08-07T02:00:16.268334+00:00,DAKSHIN BASTAR DANTEWADA,CHHATTISGARH,,,,,8198.0,,geocode_fail,
2026-08-07T02:00:22.666802+00:00,NORTHTWENTYFOURPARGANAS,WEST BENGAL,,,,,6710.0,,geocode_fail,
2026-08-07T02:00:25.862992+00:00,LAHUL & SPITI,HIMACHAL PRADESH,,,,,6201.0,,geocode_fail,
2026-08-07T02:00:32.513321+00:00,PURBI SINGHBHUM,JHARKHAND,,,,,5755.0,,geocode_fail,
2026-08-07T21:26:21.620404+00:00,NICOBARS,ANDAMAN &NICOBAR,,,,,10306.0,,geocode_fail,
2026-08-07T21:26:25.071301+00:00,DAKSHIN BASTAR DANTEWADA,CHHATTISGARH,,,,,8198.0,,geocode_fail,
2026-08-07T21:26:31.799985+00:00,NORTHTWENTYFOURPARGANAS,WEST BENGAL,,,,,6710.0,,geocode_fail,
2026-08-07T21:26:34.974467+00:00,LAHUL & SPITI,HIMACHAL PRADESH,,,,,6201.0,,geocode_fail,
2026-08-07T21:26:41.779170+00:00,PURBI SINGHBHUM,JHARKHAND,,,,,5755.0,,geocode_fail,
2026-08-07T21:48:28.673905+00:00,NICOBARS,ANDAMAN &NICOBAR,,,,,10306.0,,geocode_fail,
2026-08-07T21:48:30.892906+00:00,DAKSHIN BASTAR DANTEWADA,CHHATTISGARH,,,,,8198.0,,geocode_fail,
2026-08-07T21:48:35.335319+00:00,NORTHTWENTYFOURPARGANAS,WEST BENGAL,,,,,6710.0,,geocode_fail,
2026-08-07T21:48:37.554624+00:00,LAHUL & SPITI,HIMACHAL PRADESH,,,,,6201.0,,geocode_fail,
2026-08-07T21:48:41.991051+00:00,PURBI SINGHBHUM,JHARKHAND,,,,,5755.0,,geocode_fail,
2026-08-07T21:48:47.379324+00:00,BALANGIR,ODISHA,D461093,20.60952,83.1673,114.0,5396.0,1.1012,ok,idw_raw=103.3
2026-08-07T21:48:51.333067+00:00,DHULE,MAHARASHTRA,D325346,21.13052,74.49006,115.0,5370.0,0.9897,ok,idw_raw=115.7
2026-08-07T21:48:54.484248+00:00,BARWANI,MADHYA PRADESH,D929596,21.75142,74.8916,134.0,5356.0,1.0773,ok,idw_raw=124.3
2026-08-07T21:48:57.567503+00:00,CHITTAURGARH,RAJASTHAN,D944990,24.5,74.5,94.0,5343.0,0.9825,ok,idw_raw=95.9
2026-08-07T21:49:00.839823+00:00,SOLAPUR,MAHARASHTRA,413302,17.84991,75.27632,92.0,5340.0,0.9877,ok,idw_raw=93.3
2026-08-07T21:49:04.047352+00:00,PATNA,BIHAR,D394763,25.46805,85.19529,116.0,5339.0,1.0842,ok,idw_raw=107.1
2026-08-07T21:49:08.072749+00:00,TAPI,GUJARAT,394670,21.19166,73.55606,113.0,5317.0,0.9623,ok,idw_raw=117.5
2026-08-07T21:49:11.744215+00:00,PERAMBALUR,TAMIL NADU,621115,11.29026,78.93004,95.0,5316.0,0.9044,ok,idw_raw=104.9
2026-08-07T21:49:15.422645+00:00,MAHENDRAGARH,HARYANA,D312499,28.1327,76.16974,93.0,5315.0,0.9263,ok,idw_raw=100.9
2026-08-07T21:49:18.842540+00:00,UJJAIN,MADHYA PRADESH,D842180,23.29333,75.62631,120.0,5295.0,1.073,ok,idw_raw=111.8
2026-08-07T21:49:23.002132+00:00,RUDRAPRAYAG,UTTARAKAND,246439,30.49158,79.03661,122.0,5293.0,0.9492,ok,idw_raw=128.3
2026-08-07T21:49:26.218890+00:00,GOLAGHAT,ASSAM,785621,26.36896,94.00866,114.0,5289.0,1.0508,ok,idw_raw=108.4
2026-08-07T21:49:29.925034+00:00,HAZARIBAGH,JHARKHAND,825402,24.0867,85.49122,121.0,5288.0,1.1142,ok,idw_raw=108.5
2026-08-07T21:49:33.180764+00:00,MAHESANA,GUJARAT,382711,23.57055,72.45688,104.0,5287.0,0.9604,ok,idw_raw=108.8
2026-08-07T21:49:36.876206+00:00,DIMA HASAO,ASSAM,D982573,25.40036,93.07523,110.0,5286.0,1.0506,ok,idw_raw=105.1
2026-08-07T21:49:40.946515+00:00,PURBAMEDINIPUR,WEST BENGAL,,,,,5282.0,,geocode_fail,
2026-08-07T21:49:43.883679+00:00,GAJAPATI,ODISHA,761214,19.1966,84.19306,113.0,5282.0,1.093,ok,idw_raw=103.0
2026-08-07T21:49:47.320078+00:00,RAISEN,MADHYA PRADESH,D730512,23.26759,78.17271,105.0,5282.0,1.072,ok,idw_raw=98.2
2026-08-07T21:49:51.087754+00:00,ROHTAS,BIHAR,821115,24.93941,84.0197,123.0,5279.0,1.0799,ok,idw_raw=113.6
2026-08-07T21:49:54.764955+00:00,THOUBAL,MANIPUR,D145034,24.62039,94.01048,107.0,5275.0,1.0028,ok,idw_raw=106.5
2026-08-07T21:49:58.540128+00:00,CUDDALORE,TAMIL NADU,606001,11.52021,79.33964,109.0,5269.0,0.9016,ok,idw_raw=120.8
2026-08-07T21:50:02.477900+00:00,BARGARH,ODISHA,D706767,21.23199,83.56527,115.0,5259.0,1.0913,ok,idw_raw=105.5
2026-08-07T21:50:06.176037+00:00,BOKARO,JHARKHAND,D790955,23.69913,85.99107,123.0,5253.0,1.1117,ok,idw_raw=110.5
2026-08-07T21:50:09.657225+00:00,RAICHUR,KARNATAKA,D559536,16.05472,76.90036,100.0,5245.0,0.9307,ok,idw_raw=107.0
2026-08-07T21:50:12.662808+00:00,REWA,MADHYA PRADESH,D210640,24.75608,81.38106,115.0,5243.0,1.0693,ok,idw_raw=107.3
2026-08-07T21:50:16.085969+00:00,TEHRI GARHWAL,UTTARAKAND,249131,30.46582,78.48373,120.0,5240.0,0.9459,ok,idw_raw=126.4
2026-08-07T21:50:19.253115+00:00,KAITHAL,HARYANA,D697137,29.85368,76.46843,94.0,5235.0,0.9214,ok,idw_raw=101.6
2026-08-07T21:50:22.168497+00:00,BIKANER,RAJASTHAN,D501341,28.11616,73.11057,85.0,5192.0,0.9727,ok,idw_raw=87.0
2026-08-07T21:50:25.871051+00:00,BISHNUPUR,MANIPUR,D211386,24.52639,93.80049,106.0,5192.0,0.9972,ok,idw_raw=106.7
2026-08-07T21:50:29.460576+00:00,BARMER,RAJASTHAN,D525018,25.58149,71.19249,105.0,5179.0,0.9719,ok,idw_raw=108.0
2026-08-07T21:50:32.723149+00:00,PUDUKKOTTAI,TAMIL NADU,622506,10.29031,78.81736,89.0,5171.0,0.8957,ok,idw_raw=98.8
2026-08-07T21:50:35.954960+00:00,CHANDRAPUR,MAHARASHTRA,D819057,20.09676,79.50455,90.0,5148.0,0.9752,ok,idw_raw=92.8
2026-08-07T21:50:39.333477+00:00,BAGHPAT,UTTAR PRADESH,D890225,29.03748,77.30627,73.0,5140.0,1.0831,ok,idw_raw=67.5
2026-08-07T21:50:43.013302+00:00,MUZAFFARPUR,BIHAR,843108,26.14825,85.33161,124.0,5139.0,1.0698,ok,idw_raw=116.2
2026-08-07T21:50:46.096414+00:00,CHANDEL,MANIPUR,795102,24.1701,94.00597,106.0,5125.0,0.9927,ok,idw_raw=106.3
2026-08-07T21:50:49.305657+00:00,BONGAIGAON,ASSAM,783383,26.34888,90.62914,110.0,5121.0,1.039,ok,idw_raw=105.5
2026-08-07T21:50:52.956975+00:00,VAISHALI,BIHAR,844126,25.74917,85.39722,126.0,5099.0,1.0669,ok,idw_raw=118.2
2026-08-07T21:50:56.361745+00:00,AKOLA,MAHARASHTRA,D654726,20.76181,77.19212,105.0,5088.0,0.9712,ok,idw_raw=107.8
2026-08-07T21:50:59.069921+00:00,AMRAVATI,MAHARASHTRA,D580844,21.15454,77.6443,107.0,5086.0,0.971,ok,idw_raw=109.8
2026-08-07T21:51:02.924352+00:00,BHAGALPUR,BIHAR,D940778,25.28614,87.13042,116.0,5084.0,1.0658,ok,idw_raw=109.1
2026-08-07T21:51:06.713526+00:00,EAST NIMAR,MADHYA PRADESH,D170869,21.75,76.58333,113.0,5081.0,1.0576,ok,idw_raw=106.7
2026-08-07T21:51:10.172031+00:00,KOCHBIHAR,WEST BENGAL,,,,,5078.0,,geocode_fail,
2026-08-07T21:51:13.866944+00:00,GADAG,KARNATAKA,582102,15.41669,75.68158,99.0,5076.0,0.9201,ok,idw_raw=107.6
2026-08-07T21:51:17.518922+00:00,SATNA,MADHYA PRADESH,D569194,24.69544,80.77703,113.0,5073.0,1.057,ok,idw_raw=106.7
2026-08-07T21:51:19.236268+00:00,ALLAHABAD,UTTAR PRADESH,211001,25.47417,81.84954,126.0,5070.0,1.0779,ok,idw_raw=117.0
2026-08-07T21:51:22.807339+00:00,MAINPURI,UTTAR PRADESH,D301308,27.20931,79.06254,117.0,5057.0,1.0769,ok,idw_raw=108.8
2026-08-07T21:51:26.511740+00:00,UTTARKASHI,UTTARAKAND,D197112,30.96357,78.63625,107.0,5055.0,0.934,ok,idw_raw=114.7
2026-08-07T21:51:29.757026+00:00,PANNA,MADHYA PRADESH,488051,24.44989,80.14627,109.0,5055.0,1.0557,ok,idw_raw=103.1
2026-08-07T21:51:32.723302+00:00,NANDED,MAHARASHTRA,431806,19.09427,77.48326,98.0,5054.0,0.9689,ok,idw_raw=101.3
2026-08-07T21:51:36.899537+00:00,YAMUNANAGAR,HARYANA,135103,30.21586,77.32565,60.0,5045.0,0.9095,ok,idw_raw=66.4
2026-08-07T21:51:39.882360+00:00,PALI,RAJASTHAN,D331294,25.45522,73.41939,104.0,5031.0,0.9621,ok,idw_raw=108.1
2026-08-07T21:51:43.344131+00:00,YAVATMAL,MAHARASHTRA,D896586,20.06387,78.35657,100.0,5031.0,0.9674,ok,idw_raw=103.9
2026-08-07T21:51:45.479501+00:00,EAST GARO HILLS,MEGHALAYA,794111,25.61849,90.63422,108.0,5028.0,1.0154,ok,idw_raw=106.2
2026-08-07T21:51:48.392404+00:00,ALIGARH,UTTAR PRADESH,202001,27.87611,78.13582,108.0,5014.0,1.0737,ok,idw_raw=100.9
2026-08-07T21:51:51.345440+00:00,UTTARDINAJPUR,WEST BENGAL,,,,,4994.0,,geocode_fail,
2026-08-07T21:51:53.016940+00:00,HUGLI,WEST BENGAL,743438,22.74838,88.74252,94.0,4992.0,1.0058,ok,idw_raw=93.7
2026-08-07T21:51:56.677996+00:00,MALDAH,WEST BENGAL,D968680,25.09771,88.12617,107.0,4974.0,1.0045,ok,idw_raw=106.2
2026-08-07T21:52:00.424238+00:00,DATIA,MADHYA PRADESH,D169177,25.91829,78.6645,118.0,4965.0,1.0491,ok,idw_raw=112.7
2026-08-07T21:52:03.592063+00:00,WEST GARO HILLS,MEGHALAYA,D523472,25.60653,90.20383,108.0,4959.0,1.0105,ok,idw_raw=107.0
2026-08-07T21:52:07.752484+00:00,NALBARI,ASSAM,D836663,26.35336,91.39837,108.0,4953.0,1.027,ok,idw_raw=105.1
2026-08-07T21:52:09.224298+00:00,BELGAUM,KARNATAKA,590001,15.87583,74.51704,100.0,4949.0,0.912,ok,idw_raw=109.5
2026-08-07T21:52:12.453231+00:00,GANDERBAL,JAMMU AND KASHMIR,D857972,34.28893,75.0408,96.0,4946.0,0.9475,ok,idw_raw=101.7
2026-08-07T21:52:16.099282+00:00,SOUTH TWENTY FOUR PARGANAS,WEST BENGAL,,,,,4910.0,,geocode_fail,
2026-08-07T21:52:19.166769+00:00,DUMKA,JHARKHAND,D267452,24.31593,87.27208,121.0,4891.0,1.0842,ok,idw_raw=111.2
2026-08-07T21:52:21.907196+00:00,BHIND,MADHYA PRADESH,D952324,26.35188,78.68632,114.0,4878.0,1.0426,ok,idw_raw=109.3
2026-08-07T21:52:24.094583+00:00,BADGAM,JAMMU AND KASHMIR,191132,34.00167,74.79369,95.0,4876.0,0.9428,ok,idw_raw=101.0
2026-08-07T21:52:27.789972+00:00,SEHORE,MADHYA PRADESH,D309783,23.115,77.06654,112.0,4863.0,1.0415,ok,idw_raw=107.2
2026-08-07T21:52:30.712801+00:00,ADILABAD,TELANGANA,D370250,19.5457,78.60868,91.0,4858.0,0.9077,ok,idw_raw=100.2
2026-08-07T21:52:34.146544+00:00,CACHAR,ASSAM,788119,24.75864,92.88166,109.0,4842.0,1.0188,ok,idw_raw=107.1
2026-08-07T21:52:37.094811+00:00,SUBARNAPUR,ODISHA,767017,20.85358,83.85292,116.0,4836.0,1.0598,ok,idw_raw=109.1
2026-08-07T21:52:40.270671+00:00,KENDUJHAR,ODISHA,758001,21.58923,85.66878,110.0,4832.0,1.0595,ok,idw_raw=103.5
2026-08-07T21:52:43.435458+00:00,KHAGARIA,BIHAR,851213,25.49305,86.69823,117.0,4823.0,1.0463,ok,idw_raw=111.9
2026-08-07T21:52:46.446191+00:00,RIBHOI,MEGHALAYA,D649160,25.72364,92.04263,105.0,4813.0,1.0,ok,idw_raw=104.7
2026-08-07T21:52:49.699171+00:00,SHAHDOL,MADHYA PRADESH,D404179,23.30023,81.36477,115.0,4797.0,1.0365,ok,idw_raw=111.3
2026-08-07T21:52:53.863359+00:00,JABALPUR,MADHYA PRADESH,D655706,23.22302,79.98256,113.0,4795.0,1.0363,ok,idw_raw=109.4
2026-08-07T21:52:56.986010+00:00,DARRANG,ASSAM,784125,26.43735,92.00471,106.0,4792.0,1.0151,ok,idw_raw=104.9
2026-08-07T21:52:58.670239+00:00,BAGALKOT,KARNATAKA,586101,16.8084,75.71751,95.0,4783.0,0.9011,ok,idw_raw=105.6
2026-08-07T21:53:01.676927+00:00,DEOGHAR,JHARKHAND,814114,24.32843,86.71825,123.0,4782.0,1.0757,ok,idw_raw=114.5
2026-08-07T21:53:05.170212+00:00,SULTANPUR,UTTAR PRADESH,228141,26.26047,82.23805,129.0,4766.0,1.0548,ok,idw_raw=121.9
2026-08-07T21:53:06.875331+00:00,FAIZABAD,UTTAR PRADESH,224188,26.75,82.0,133.0,4763.0,1.0546,ok,idw_raw=125.8
2026-08-07T21:53:11.064639+00:00,RAMGARH,JHARKHAND,825316,23.69348,85.5216,126.0,4758.0,1.0738,ok,idw_raw=117.7
2026-08-07T21:53:14.304764+00:00,SIROHI,RAJASTHAN,307001,24.8114,72.83003,101.0,4734.0,0.9418,ok,idw_raw=107.2
2026-08-07T21:53:17.714871+00:00,CHIRANG,ASSAM,D556250,26.64642,90.62416,109.0,4734.0,1.0108,ok,idw_raw=108.0
2026-08-07T21:53:19.382604+00:00,PURBA CHAMPARAN,BIHAR,845437,26.58333,84.83333,127.0,4733.0,1.0394,ok,idw_raw=122.0
2026-08-07T21:53:22.590830+00:00,SIWAN,BIHAR,841241,26.13101,84.39107,131.0,4728.0,1.039,ok,idw_raw=125.8
2026-08-07T21:53:25.422970+00:00,BALESHWAR,ODISHA,D191344,21.51979,86.87906,106.0,4701.0,1.0493,ok,idw_raw=100.6
2026-08-07T21:53:29.018178+00:00,BARAN,RAJASTHAN,325218,24.92082,76.6822,87.0,4700.0,0.9394,ok,idw_raw=92.4
2026-08-07T21:53:32.226997+00:00,BAHRAICH,UTTAR PRADESH,D728927,27.73438,81.47654,131.0,4700.0,1.0497,ok,idw_raw=124.8
2026-08-07T21:53:34.460869+00:00,YANAM,PUDUCHERRY,533464,16.7385,82.21062,88.0,4691.0,0.8093,ok,idw_raw=108.9
2026-08-07T21:53:38.190414+00:00,JALAUN,UTTAR PRADESH,D690011,26.10486,79.39191,104.0,4690.0,1.0489,ok,idw_raw=99.4
2026-08-07T21:53:41.386746+00:00,RATLAM,MADHYA PRADESH,D163852,23.50222,74.95515,111.0,4677.0,1.0273,ok,idw_raw=108.0
2026-08-07T21:53:45.132883+00:00,HAVERI,KARNATAKA,D959576,14.71803,75.36564,96.0,4668.0,0.8935,ok,idw_raw=107.3
2026-08-07T21:53:48.346146+00:00,BANKA,BIHAR,813102,24.83283,86.81611,120.0,4667.0,1.0343,ok,idw_raw=115.7
2026-08-07T21:53:51.359585+00:00,SURENDRANAGAR,GUJARAT,D904225,22.82514,71.62097,76.0,4664.0,0.9192,ok,idw_raw=83.2
2026-08-07T21:53:54.345664+00:00,MON,NAGALAND,798621,26.66667,95.0,93.0,4657.0,0.869,ok,idw_raw=107.2
2026-08-07T21:53:57.475033+00:00,MEDAK,TELANGANA,D912916,17.93751,78.21174,88.0,4657.0,0.8944,ok,idw_raw=97.9
2026-08-07T21:54:01.102863+00:00,SONITPUR,ASSAM,784505,26.76777,92.70141,107.0,4650.0,1.0045,ok,idw_raw=106.3
2026-08-07T21:54:04.138512+00:00,SAHARSA,BIHAR,852221,25.83308,86.61438,119.0,4648.0,1.0328,ok,idw_raw=115.6
2026-08-07T21:54:07.113454+00:00,BUNDI,RAJASTHAN,323001,25.43677,75.73615,86.0,4647.0,0.9357,ok,idw_raw=92.4
2026-08-07T21:54:10.863199+00:00,GOPALGANJ,BIHAR,841440,26.42112,84.37391,132.0,4646.0,1.0327,ok,idw_raw=128.2
2026-08-07T21:54:14.079923+00:00,RAJOURI,JAMMU AND KASHMIR,D146661,33.26637,74.34385,94.0,4640.0,0.9266,ok,idw_raw=102.0
2026-08-07T21:54:17.250414+00:00,SAWAI MADHOPUR,RAJASTHAN,322024,26.22902,76.30436,95.0,4633.0,0.9347,ok,idw_raw=102.1
2026-08-07T21:54:19.957717+00:00,DHAULPUR,RAJASTHAN,328031,26.65303,77.6241,89.0,4623.0,0.934,ok,idw_raw=95.5
2026-08-07T21:54:23.193957+00:00,MADHEPURA,BIHAR,854202,25.78061,86.93648,119.0,4619.0,1.0306,ok,idw_raw=115.9
2026-08-07T21:54:26.871390+00:00,MURSHIDABAD,WEST BENGAL,742169,24.2904,88.36643,96.0,4609.0,0.9781,ok,idw_raw=98.3
2026-08-07T21:54:30.081642+00:00,BIJNOR,UTTAR PRADESH,246762,29.40742,78.48214,107.0,4589.0,1.0409,ok,idw_raw=103.1
2026-08-07T21:54:33.575865+00:00,AGRA,UTTAR PRADESH,D532364,27.07555,77.87538,98.0,4581.0,1.0403,ok,idw_raw=94.1
2026-08-07T21:54:37.279924+00:00,JALNA,MAHARASHTRA,D837649,19.91883,75.87086,117.0,4566.0,0.9351,ok,idw_raw=125.0
2026-08-07T21:54:40.523261+00:00,NIZAMABAD,TELANGANA,D809540,18.72484,78.19218,84.0,4561.0,0.8879,ok,idw_raw=94.3
2026-08-07T21:54:43.782178+00:00,SHEIKHPURA,BIHAR,803109,25.12507,85.81608,119.0,4558.0,1.0258,ok,idw_raw=116.0
2026-08-07T21:54:47.335782+00:00,KANPUR DEHAT,UTTAR PRADESH,D797660,26.45856,79.85481,113.0,4550.0,1.0378,ok,idw_raw=108.6
2026-08-07T21:54:50.565063+00:00,WASHIM,MAHARASHTRA,D576228,20.28742,77.23697,103.0,4549.0,0.9338,ok,idw_raw=110.8
2026-08-07T21:54:54.198164+00:00,SENAPATI,MANIPUR,D727621,25.39337,94.15018,100.0,4543.0,0.9517,ok,idw_raw=105.0
2026-08-07T21:54:57.184451+00:00,MORADABAD,UTTAR PRADESH,244001,28.87966,78.80953,99.0,4535.0,1.0366,ok,idw_raw=95.7
2026-08-07T21:55:00.934934+00:00,KAMRUP,ASSAM,781137,26.14689,91.22274,105.0,4531.0,0.9954,ok,idw_raw=105.8
2026-08-07T21:55:04.232938+00:00,RAMBAN,JAMMU AND KASHMIR,D408343,33.33329,75.19848,94.0,4530.0,0.9188,ok,idw_raw=102.5
2026-08-07T21:55:07.945905+00:00,JHALAWAR,RAJASTHAN,326039,24.31324,76.52211,87.0,4530.0,0.9274,ok,idw_raw=94.3
2026-08-07T21:55:11.667414+00:00,BHANDARA,MAHARASHTRA,441804,21.12259,79.79451,88.0,4529.0,0.9324,ok,idw_raw=94.9
2026-08-07T21:55:14.909133+00:00,VIDISHA,MADHYA PRADESH,D340613,23.8463,77.83702,103.0,4524.0,1.0155,ok,idw_raw=101.4
2026-08-07T21:55:21.428235+00:00,PASCHIM MEDINIPUR,WEST BENGAL,D130094,22.36001,87.41115,93.0,4487.0,0.969,ok,idw_raw=95.7
2026-08-07T21:55:24.634284+00:00,AMRELI,GUJARAT,D469416,21.41761,71.24961,85.0,4485.0,0.9067,ok,idw_raw=93.7
2026-08-07T21:55:28.354181+00:00,BIRBHUM,WEST BENGAL,731216,24.06215,87.69828,89.0,4476.0,0.9681,ok,idw_raw=91.9
2026-08-07T21:55:32.091761+00:00,BARPETA,ASSAM,781300,26.34594,91.03971,105.0,4462.0,0.9901,ok,idw_raw=106.0
2026-08-07T21:55:33.779675+00:00,PUNCH,JAMMU AND KASHMIR,185101,33.767,74.09571,91.0,4458.0,0.9137,ok,idw_raw=100.0
2026-08-07T21:55:37.485802+00:00,HAMIRPUR,UTTAR PRADESH,D625702,25.75,80.0,103.0,4458.0,1.0304,ok,idw_raw=100.0
2026-08-07T21:55:41.761698+00:00,SOUTH GARO HILLS,MEGHALAYA,794102,25.34797,90.56578,105.0,4458.0,0.9735,ok,idw_raw=107.7
2026-08-07T21:55:44.833867+00:00,BALAGHAT,MADHYA PRADESH,481102,21.86116,80.32371,96.0,4451.0,1.0097,ok,idw_raw=94.8
2026-08-07T21:55:48.535299+00:00,PASHCHIM CHAMPARAN,BIHAR,D919044,27.0,84.5,131.0,4436.0,1.0161,ok,idw_raw=128.5
2026-08-07T21:55:50.767395+00:00,JYOTIBA PHULE NAGAR,UTTAR PRADESH,244221,28.86505,78.46962,94.0,4431.0,1.0282,ok,idw_raw=91.2
2026-08-07T21:55:52.206040+00:00,BULDANA,MAHARASHTRA,443102,20.88703,76.20251,99.0,4414.0,0.9241,ok,idw_raw=107.3
2026-08-07T21:55:55.163012+00:00,PALAMU,JHARKHAND,822123,24.2213,84.17256,127.0,4412.0,1.0458,ok,idw_raw=121.1
2026-08-07T21:55:59.331723+00:00,MAYURBHANJ,ODISHA,D920456,21.91563,86.39618,107.0,4387.0,1.0242,ok,idw_raw=104.9
2026-08-07T21:56:02.656043+00:00,CHURACHANDPUR,MANIPUR,795006,24.30958,93.67502,100.0,4381.0,0.9397,ok,idw_raw=106.1
2026-08-07T21:56:05.872386+00:00,GOALPARA,ASSAM,783362,26.04919,90.60019,105.0,4371.0,0.983,ok,idw_raw=106.5
2026-08-07T21:56:09.582112+00:00,SUPAUL,BIHAR,D581407,26.27681,86.79596,118.0,4366.0,1.0105,ok,idw_raw=116.3
2026-08-07T21:56:11.248467+00:00,WEST KHASI HILLS,MEGHALAYA,793119,25.58144,91.08511,103.0,4357.0,0.9658,ok,idw_raw=107.1
2026-08-07T21:56:16.119020+00:00,NADIA,WEST BENGAL,741123,23.48474,88.55671,92.0,4353.0,0.9587,ok,idw_raw=96.3
2026-08-07T21:56:19.291826+00:00,BULANDSHAHR,UTTAR PRADESH,203001,28.38741,77.97438,103.0,4342.0,1.021,ok,idw_raw=100.8
2026-08-07T21:56:22.549106+00:00,GORAKHPUR,UTTAR PRADESH,273001,26.6678,83.36423,134.0,4341.0,1.0209,ok,idw_raw=131.2
2026-08-07T21:56:25.978404+00:00,LAKHISARAI,BIHAR,D147530,25.15439,86.1745,115.0,4340.0,1.0084,ok,idw_raw=114.4
2026-08-07T21:56:28.210503+00:00,NARSIMHAPUR,MADHYA PRADESH,487110,22.91667,79.16667,104.0,4338.0,1.0006,ok,idw_raw=104.2
2026-08-07T21:56:31.471334+00:00,BALLIA,UTTAR PRADESH,D951435,25.87496,84.12103,133.0,4331.0,1.0201,ok,idw_raw=129.9
2026-08-07T21:56:34.427824+00:00,RAJGARH,MADHYA PRADESH,458883,23.87167,76.77447,98.0,4322.0,0.9994,ok,idw_raw=97.8
2026-08-07T21:56:37.367778+00:00,BEGUSARAI,BIHAR,851127,25.51254,86.08834,119.0,4316.0,1.0064,ok,idw_raw=118.2
2026-08-07T21:56:41.007376+00:00,BAREILLY,UTTAR PRADESH,243001,28.45823,79.40475,94.0,4307.0,1.0181,ok,idw_raw=92.6
2026-08-07T21:56:43.973204+00:00,ANUPPUR,MADHYA PRADESH,484330,23.03462,81.75103,106.0,4301.0,0.9977,ok,idw_raw=106.1
2026-08-07T21:56:47.722062+00:00,RAMPUR,UTTAR PRADESH,D552859,28.79347,79.18458,107.0,4294.0,1.017,ok,idw_raw=105.0
2026-08-07T21:56:50.535983+00:00,LAKHIMPUR,ASSAM,D415026,27.17634,94.19929,102.0,4292.0,0.9767,ok,idw_raw=104.0
2026-08-07T21:56:54.259081+00:00,NAGAON,ASSAM,782141,26.33136,92.75248,104.0,4288.0,0.9764,ok,idw_raw=106.2
2026-08-07T21:56:56.388839+00:00,MORIGAON,ASSAM,782105,26.25406,92.36047,102.0,4273.0,0.9752,ok,idw_raw=104.3
2026-08-07T21:57:00.063353+00:00,NAYAGARH,ODISHA,D516392,20.23937,85.05073,107.0,4272.0,1.0147,ok,idw_raw=105.7
2026-08-07T21:57:03.805413+00:00,RAJSAMAND,RAJASTHAN,D988234,25.28925,73.82411,95.0,4266.0,0.9081,ok,idw_raw=104.5
2026-08-07T21:57:07.068631+00:00,NEEMUCH,MADHYA PRADESH,D466715,24.63055,75.1829,95.0,4265.0,0.9947,ok,idw_raw=95.5
2026-08-07T21:57:08.735185+00:00,HOSHANGABAD,MADHYA PRADESH,461005,22.65031,77.75093,105.0,4265.0,0.9947,ok,idw_raw=105.9
2026-08-07T21:57:12.145447+00:00,BASTI,UTTAR PRADESH,D997854,26.83871,82.53509,133.0,4260.0,1.0142,ok,idw_raw=131.6
2026-08-07T21:57:15.804035+00:00,DHEMAJI,ASSAM,787059,27.59452,94.71921,107.0,4254.0,0.9737,ok,idw_raw=109.7
2026-08-07T21:57:19.356057+00:00,BAKSA,ASSAM,781372,26.62757,91.33886,102.0,4247.0,0.9731,ok,idw_raw=105.2
2026-08-07T21:57:22.567532+00:00,RAYAGADA,ODISHA,D231483,19.44267,83.58731,112.0,4243.0,1.0123,ok,idw_raw=110.2
2026-08-07T21:57:26.220688+00:00,JEHANABAD,BIHAR,804420,25.15296,85.0065,120.0,4241.0,1.0002,ok,idw_raw=120.4
2026-08-07T21:57:29.961787+00:00,DHUBRI,ASSAM,783349,26.13227,90.125,103.0,4237.0,0.9723,ok,idw_raw=106.0
2026-08-07T21:57:33.636166+00:00,JAMUI,BIHAR,811314,24.75625,86.30111,116.0,4235.0,0.9998,ok,idw_raw=116.0
2026-08-07T21:57:36.948357+00:00,VARANASI,UTTAR PRADESH,221003,25.37193,82.94143,132.0,4233.0,1.0119,ok,idw_raw=130.3
2026-08-07T21:57:40.200849+00:00,PURNIA,BIHAR,D419945,25.77587,87.40877,118.0,4229.0,0.9993,ok,idw_raw=117.8
2026-08-07T21:57:43.143437+00:00,KARIMGANJ,ASSAM,D335855,24.58282,92.37255,102.0,4213.0,0.9704,ok,idw_raw=105.4
2026-08-07T21:57:46.004288+00:00,MANDSAUR,MADHYA PRADESH,D280075,24.26281,75.38569,98.0,4210.0,0.9902,ok,idw_raw=98.9
2026-08-07T21:57:49.408369+00:00,PATAN,GUJARAT,385340,23.77375,71.67986,97.0,4207.0,0.8866,ok,idw_raw=109.3
2026-08-07T21:57:52.351297+00:00,DAKSHIN DINAJPUR,WEST BENGAL,733124,25.38581,88.50634,87.0,4203.0,0.947,ok,idw_raw=91.6
2026-08-07T21:57:56.126100+00:00,DEWAS,MADHYA PRADESH,455223,22.80575,76.29404,108.0,4201.0,0.9895,ok,idw_raw=109.6
2026-08-07T21:57:59.877336+00:00,JAINTIA HILLS,MEGHALAYA,793151,25.5,92.25,100.0,4199.0,0.9534,ok,idw_raw=104.7
2026-08-07T21:58:03.167376+00:00,MAHOBA,UTTAR PRADESH,210421,25.36159,79.70601,104.0,4198.0,1.009,ok,idw_raw=103.4
2026-08-07T21:58:06.719152+00:00,JALPAIGURI,WEST BENGAL,735302,26.62628,88.73345,87.0,4184.0,0.9455,ok,idw_raw=92.3
2026-08-07T21:58:08.136519+00:00,PANCH MAHALS,GUJARAT,389175,23.0,74.0,94.0,4172.0,0.884,ok,idw_raw=106.9
2026-08-07T21:58:11.798340+00:00,GONDIYA,MAHARASHTRA,441807,21.14563,80.26839,86.0,4168.0,0.9057,ok,idw_raw=95.0
2026-08-07T21:58:15.047982+00:00,SAGAR,MADHYA PRADESH,470001,23.80831,78.75825,91.0,4147.0,0.985,ok,idw_raw=91.9
2026-08-07T21:58:17.280582+00:00,MAHAMAYA NAGAR,UTTAR PRADESH,224227,26.50931,82.61387,131.0,4136.0,1.0038,ok,idw_raw=130.7
2026-08-07T21:58:18.979918+00:00,BID,MAHARASHTRA,431122,18.98924,75.75267,100.0,4127.0,0.9026,ok,idw_raw=110.5
2026-08-07T21:58:21.941518+00:00,KHERI,UTTAR PRADESH,D763704,28.11667,80.71667,118.0,4126.0,1.0029,ok,idw_raw=118.1
2026-08-07T21:58:25.130014+00:00,KOKRAJHAR,ASSAM,783360,26.49121,90.12152,102.0,4120.0,0.9629,ok,idw_raw=105.6
2026-08-07T21:58:28.834355+00:00,HARDOI,UTTAR PRADESH,241001,27.337,80.09982,93.0,4114.0,1.0019,ok,idw_raw=92.8
2026-08-07T21:58:31.920490+00:00,RAIGARH,CHHATTISGARH,496111,22.23618,83.35295,111.0,4108.0,1.0419,ok,idw_raw=106.1
2026-08-07T21:58:33.605197+00:00,ANUGUL,ODISHA,759123,20.8444,85.11375,105.0,4101.0,1.0003,ok,idw_raw=105.1
2026-08-07T21:58:37.046142+00:00,ETAH,UTTAR PRADESH,207001,27.55504,78.59922,108.0,4098.0,1.0005,ok,idw_raw=108.0
2026-08-07T21:58:40.500331+00:00,PURI,ODISHA,752002,19.83431,85.68533,102.0,4093.0,0.9997,ok,idw_raw=102.0
2026-08-07T21:58:44.290929+00:00,SITAPUR,UTTAR PRADESH,D195091,27.50267,80.83351,118.0,4092.0,1.0,ok,idw_raw=118.2
2026-08-07T21:58:47.972947+00:00,FIROZABAD,UTTAR PRADESH,D913218,27.1942,78.4605,117.0,4087.0,0.9996,ok,idw_raw=116.9
2026-08-07T21:58:51.749084+00:00,MADHUBANI,BIHAR,847224,26.35031,86.22964,126.0,4085.0,0.9872,ok,idw_raw=127.2
2026-08-07T21:58:54.715232+00:00,DHAR,MADHYA PRADESH,D780233,22.57866,75.22586,115.0,4059.0,0.9776,ok,idw_raw=118.1
2026-08-07T21:58:58.149046+00:00,SIDDHARTHNAGAR,UTTAR PRADESH,272192,27.25117,82.87165,132.0,4051.0,0.9965,ok,idw_raw=132.3
2026-08-07T21:59:01.396876+00:00,PARBHANI,MAHARASHTRA,D563785,19.2902,76.60264,89.0,4044.0,0.8962,ok,idw_raw=99.6
2026-08-07T21:59:05.123862+00:00,BASTAR,CHHATTISGARH,D622904,19.11913,81.82919,111.0,4037.0,1.0356,ok,idw_raw=107.0
2026-08-07T21:59:08.557459+00:00,HINGOLI,MAHARASHTRA,D107542,19.54312,77.17394,88.0,4037.0,0.8956,ok,idw_raw=98.4
2026-08-07T21:59:11.966529+00:00,KATIHAR,BIHAR,848505,25.55864,87.64572,124.0,4023.0,0.9819,ok,idw_raw=126.5
2026-08-07T21:59:15.178812+00:00,BARAMULA,JAMMU AND KASHMIR,193502,34.56667,74.75,87.0,4016.0,0.8809,ok,idw_raw=98.2
2026-08-07T21:59:19.346127+00:00,SITAMARHI,BIHAR,843314,26.57129,85.60015,124.0,4004.0,0.9803,ok,idw_raw=126.4
2026-08-07T21:59:23.065734+00:00,JAGATSINGHAPUR,ODISHA,D688159,20.18015,86.34149,102.0,3997.0,0.9914,ok,idw_raw=103.2
2026-08-07T21:59:26.043179+00:00,GARHWA,JHARKHAND,D319295,24.05358,83.65268,125.0,3990.0,1.0097,ok,idw_raw=123.7
2026-08-07T21:59:29.593888+00:00,RAJNANDGAON,CHHATTISGARH,D579372,21.06844,80.79708,98.0,3987.0,1.0311,ok,idw_raw=95.1
2026-08-07T21:59:33.873388+00:00,MAU,UTTAR PRADESH,D711895,26.03909,83.49858,131.0,3974.0,0.9898,ok,idw_raw=132.5
2026-08-07T21:59:37.590658+00:00,HAILAKANDI,ASSAM,788161,24.50761,92.62676,101.0,3974.0,0.9508,ok,idw_raw=106.4
2026-08-07T21:59:41.278938+00:00,BARDDHAMAN,WEST BENGAL,D214617,23.25,87.75,83.0,3968.0,0.9282,ok,idw_raw=89.3
2026-08-07T21:59:44.716512+00:00,JAUNPUR,UTTAR PRADESH,D400421,25.79671,82.4889,128.0,3962.0,0.9888,ok,idw_raw=129.7
2026-08-07T21:59:48.049370+00:00,SHRAWASTI,UTTAR PRADESH,,,,,3958.0,,geocode_fail,
2026-08-07T21:59:51.632443+00:00,DHENKANAL,ODISHA,D903909,20.83515,85.60223,104.0,3954.0,0.9876,ok,idw_raw=105.1
2026-08-07T21:59:53.318750+00:00,JAJAPUR,ODISHA,755008,20.9028,86.15391,103.0,3949.0,0.9872,ok,idw_raw=104.7
2026-08-07T21:59:57.493700+00:00,SIDHI,MADHYA PRADESH,D503810,24.21127,81.70004,109.0,3947.0,0.9681,ok,idw_raw=112.9
2026-08-07T22:00:01.826865+00:00,GAYA,BIHAR,824231,24.67939,85.01158,119.0,3929.0,0.9739,ok,idw_raw=122.0
2026-08-07T22:00:05.108347+00:00,KANSHIRAM NAGAR,UTTAR PRADESH,,,,,3927.0,,geocode_fail,
2026-08-07T22:00:07.948658+00:00,ARARIA,BIHAR,D189961,26.2651,87.36994,116.0,3905.0,0.9718,ok,idw_raw=119.3
2026-08-07T22:00:11.417675+00:00,KORAPUT,ODISHA,D343352,18.7232,82.61006,105.0,3902.0,0.9831,ok,idw_raw=106.7
2026-08-07T22:00:15.598112+00:00,SONBHADRA,UTTAR PRADESH,D511120,24.41482,83.06375,121.0,3895.0,0.9829,ok,idw_raw=123.1
2026-08-07T22:00:18.602506+00:00,FATEHPUR,UTTAR PRADESH,212600,25.8348,80.91545,109.0,3894.0,0.9828,ok,idw_raw=111.3
2026-08-07T22:00:20.438911+00:00,KAIMUR (BHABUA),BIHAR,821101,25.04027,83.60764,120.0,3891.0,0.9705,ok,idw_raw=123.3
2026-08-07T22:00:24.571681+00:00,LALITPUR,UTTAR PRADESH,284403,24.69997,78.51862,108.0,3890.0,0.9824,ok,idw_raw=109.7
2026-08-07T22:00:27.522788+00:00,LOHARDAGA,JHARKHAND,D669852,23.477,84.69867,121.0,3890.0,1.0007,ok,idw_raw=120.7
2026-08-07T22:00:31.119431+00:00,KISHANGANJ,BIHAR,D193421,26.29841,87.94667,106.0,3884.0,0.9699,ok,idw_raw=109.2
2026-08-07T22:00:34.246466+00:00,GUNA,MADHYA PRADESH,D306068,24.50018,77.2601,91.0,3882.0,0.9625,ok,idw_raw=94.8
2026-08-07T22:00:37.679508+00:00,KODARMA,JHARKHAND,D942323,24.54238,85.69301,118.0,3874.0,0.9993,ok,idw_raw=118.2
2026-08-07T22:00:40.899938+00:00,GONDA,UTTAR PRADESH,271003,27.11037,81.92389,130.0,3871.0,0.9808,ok,idw_raw=132.2
2026-08-07T22:00:45.156749+00:00,DUNGARPUR,RAJASTHAN,D417644,23.67231,73.81664,94.0,3870.0,0.8776,ok,idw_raw=107.6
2026-08-07T22:00:48.358889+00:00,DEORIA,UTTAR PRADESH,274001,26.42399,83.76386,130.0,3862.0,0.98,ok,idw_raw=132.9
2026-08-07T22:00:52.087603+00:00,BHOJPUR,BIHAR,D428839,25.45012,84.56352,120.0,3850.0,0.967,ok,idw_raw=124.2
2026-08-07T22:00:55.310464+00:00,KUSHINAGAR,UTTAR PRADESH,274305,26.92426,83.83245,129.0,3840.0,0.978,ok,idw_raw=131.8
2026-08-07T22:00:58.484958+00:00,DARBHANGA,BIHAR,D515353,26.08299,86.0325,119.0,3839.0,0.966,ok,idw_raw=122.9
2026-08-07T22:01:01.703900+00:00,SANT KABIR NAGAR,UTTAR PRADESH,272175,26.75508,83.03985,129.0,3838.0,0.9778,ok,idw_raw=131.8
2026-08-07T22:01:05.196113+00:00,KUPWARA,JAMMU AND KASHMIR,193224,34.51407,74.19137,81.0,3836.0,0.8669,ok,idw_raw=93.9
2026-08-07T22:01:06.890983+00:00,SHEOHAR,BIHAR,843329,26.49342,85.27176,121.0,3835.0,0.9656,ok,idw_raw=125.8
2026-08-07T22:01:09.864073+00:00,MAHASAMUND,CHHATTISGARH,493551,21.19228,82.48903,111.0,3835.0,1.0172,ok,idw_raw=109.1
2026-08-07T22:01:13.060859+00:00,SHAHJAHANPUR,UTTAR PRADESH,242307,27.91286,79.74763,94.0,3830.0,0.9771,ok,idw_raw=95.8
2026-08-07T22:01:16.826619+00:00,GANJAM,ODISHA,761111,19.60901,84.70806,103.0,3824.0,0.9762,ok,idw_raw=105.9
2026-08-07T22:01:20.264093+00:00,BALRAMPUR,UTTAR PRADESH,D334849,27.4477,82.39562,128.0,3804.0,0.9748,ok,idw_raw=131.8
2026-08-07T22:01:23.373060+00:00,GULBARGA,KARNATAKA,D728012,17.16667,77.08333,89.0,3803.0,0.8317,ok,idw_raw=106.9
2026-08-07T22:01:26.307060+00:00,LATEHAR,JHARKHAND,D171615,23.68801,84.49696,121.0,3797.0,0.9923,ok,idw_raw=121.7
2026-08-07T22:01:29.528016+00:00,KORIYA,CHHATTISGARH,497346,23.47625,82.47764,114.0,3794.0,1.0133,ok,idw_raw=112.4
2026-08-07T22:01:32.661902+00:00,DOHAD,GUJARAT,,,,,3792.0,,geocode_fail,
2026-08-07T22:01:36.081369+00:00,SEONI,MADHYA PRADESH,D121313,22.27481,79.72025,97.0,3785.0,0.954,ok,idw_raw=101.2
2026-08-07T22:01:39.068076+00:00,KATNI,MADHYA PRADESH,D270808,23.71764,80.26102,106.0,3784.0,0.9539,ok,idw_raw=111.2
2026-08-07T22:01:42.731981+00:00,SAMASTIPUR,BIHAR,848503,25.77479,85.86723,120.0,3779.0,0.9607,ok,idw_raw=124.6
2026-08-07T22:01:46.164609+00:00,KANNAUJ,UTTAR PRADESH,D262167,26.99867,79.69279,104.0,3776.0,0.9723,ok,idw_raw=107.1
2026-08-07T22:01:49.856322+00:00,NARMADA,GUJARAT,D686330,21.73926,73.62625,97.0,3776.0,0.8537,ok,idw_raw=113.4
2026-08-07T22:01:54.041780+00:00,MAHRAJGANJ,UTTAR PRADESH,D269102,27.18373,83.49173,127.0,3768.0,0.9715,ok,idw_raw=130.8
2026-08-07T22:01:57.262764+00:00,SHEOPUR,MADHYA PRADESH,D469019,25.74993,76.92129,101.0,3749.0,0.9508,ok,idw_raw=106.1
2026-08-07T22:02:00.482298+00:00,UNNAO,UTTAR PRADESH,D851774,26.56733,80.61982,113.0,3742.0,0.9692,ok,idw_raw=116.5
2026-08-07T22:02:03.907414+00:00,AZAMGARH,UTTAR PRADESH,D280408,26.02364,83.02931,127.0,3739.0,0.9689,ok,idw_raw=131.0
2026-08-07T22:02:06.862130+00:00,DEBAGARH,ODISHA,768109,21.4478,84.71742,108.0,3731.0,0.9678,ok,idw_raw=111.8
2026-08-07T22:02:09.792841+00:00,BANSWARA,RAJASTHAN,D516565,23.4915,74.35022,84.0,3710.0,0.8648,ok,idw_raw=96.9
2026-08-07T22:02:13.974013+00:00,BUXAR,BIHAR,802136,25.50448,84.10975,113.0,3710.0,0.9545,ok,idw_raw=118.8
2026-08-07T22:02:17.205505+00:00,SHAJAPUR,MADHYA PRADESH,465223,23.4171,76.60748,97.0,3708.0,0.9472,ok,idw_raw=102.7
2026-08-07T22:02:20.871934+00:00,ETAWAH,UTTAR PRADESH,D502821,26.71556,79.09171,107.0,3705.0,0.9658,ok,idw_raw=110.8
2026-08-07T22:02:24.290954+00:00,KHUNTI,JHARKHAND,D124782,22.92818,85.28145,113.0,3698.0,0.9831,ok,idw_raw=114.7
2026-08-07T22:02:27.261900+00:00,AMBEDKAR NAGAR,UTTAR PRADESH,224122,26.40459,82.60652,126.0,3672.0,0.9628,ok,idw_raw=130.8
2026-08-07T22:02:30.212948+00:00,BILASPUR,CHHATTISGARH,495004,22.16385,82.13659,112.0,3653.0,1.0,ok,idw_raw=111.9
2026-08-07T22:02:33.926585+00:00,ARWAL,BIHAR,D505553,25.18128,84.65966,112.0,3648.0,0.9489,ok,idw_raw=118.3
2026-08-07T22:02:36.854694+00:00,KORBA,CHHATTISGARH,D841188,22.51982,82.635,109.0,3648.0,0.9995,ok,idw_raw=109.5
2026-08-07T22:02:40.122718+00:00,KARBI ANGLONG,ASSAM,D734014,26.07128,93.4553,98.0,3644.0,0.9224,ok,idw_raw=106.0
2026-08-07T22:02:43.376504+00:00,NALANDA,BIHAR,803120,25.2116,85.44846,112.0,3629.0,0.9472,ok,idw_raw=118.4
2026-08-07T22:02:46.665808+00:00,SARAN,BIHAR,D853079,25.92145,84.77597,117.0,3626.0,0.9469,ok,idw_raw=123.9
2026-08-07T22:02:49.334017+00:00,GIRIDIH,JHARKHAND,815315,24.33145,86.15481,116.0,3615.0,0.9754,ok,idw_raw=119.4
2026-08-07T22:02:53.038760+00:00,PRATAPGARH,UTTAR PRADESH,D211490,25.75,81.75,119.0,3607.0,0.9568,ok,idw_raw=124.3
2026-08-07T22:02:56.345212+00:00,BIDAR,KARNATAKA,D806886,18.02073,77.24872,88.0,3603.0,0.8161,ok,idw_raw=107.8
2026-08-07T22:03:00.020111+00:00,RAE BARELI,UTTAR PRADESH,229001,26.25,81.25,124.0,3591.0,0.9553,ok,idw_raw=129.7
2026-08-07T22:03:03.239340+00:00,NAWADA,BIHAR,D350782,24.81732,85.51791,111.0,3580.0,0.9427,ok,idw_raw=117.4
2026-08-07T22:03:06.302128+00:00,CHITRAKOOT,UTTAR PRADESH,D148606,25.21714,81.10459,111.0,3579.0,0.9542,ok,idw_raw=116.0
2026-08-07T22:03:09.543000+00:00,KALAHANDI,ODISHA,D693397,19.82658,83.04087,107.0,3553.0,0.9514,ok,idw_raw=112.1
2026-08-07T22:03:12.805748+00:00,KENDRAPARA,ODISHA,754215,20.54752,86.52962,99.0,3550.0,0.9511,ok,idw_raw=103.6
2026-08-07T22:03:16.481378+00:00,NANDURBAR,MAHARASHTRA,425409,21.51416,74.54055,103.0,3540.0,0.8554,ok,idw_raw=120.4
2026-08-07T22:03:20.242748+00:00,BANDIPORE,JAMMU AND KASHMIR,D559316,34.45632,74.6825,76.0,3535.0,0.8424,ok,idw_raw=90.4
2026-08-07T22:03:22.945884+00:00,DAMOH,MADHYA PRADESH,D889929,23.7981,79.54194,97.0,3512.0,0.9293,ok,idw_raw=104.5
2026-08-07T22:03:25.868358+00:00,SURGUJA,CHHATTISGARH,497116,22.94701,83.16569,110.0,3490.0,0.9842,ok,idw_raw=112.1
2026-08-07T22:03:28.821265+00:00,FARRUKHABAD,UTTAR PRADESH,D782578,27.4362,79.48948,98.0,3476.0,0.9445,ok,idw_raw=103.5
2026-08-07T22:03:31.771388+00:00,PILIBHIT,UTTAR PRADESH,262122,28.49472,80.10761,101.0,3473.0,0.9442,ok,idw_raw=106.6
2026-08-07T22:03:33.399892+00:00,BARA BANKI,UTTAR PRADESH,222501,26.90133,81.21516,122.0,3468.0,0.9437,ok,idw_raw=128.9
2026-08-07T22:03:37.077934+00:00,UMARIA,MADHYA PRADESH,D734885,23.64318,80.94191,102.0,3460.0,0.9245,ok,idw_raw=110.2
2026-08-07T22:03:38.790833+00:00,BUDAUN,UTTAR PRADESH,243633,28.11667,78.98333,86.0,3453.0,0.9423,ok,idw_raw=91.6
2026-08-07T22:03:41.788087+00:00,PRATAPGARH,RAJASTHAN,D815885,24.02322,74.62503,81.0,3452.0,0.8432,ok,idw_raw=96.2
2026-08-07T22:03:45.507781+00:00,DHAMTARI,CHHATTISGARH,D167300,20.53263,81.7156,103.0,3437.0,0.9789,ok,idw_raw=105.6
2026-08-07T22:03:49.993973+00:00,BANDA,UTTAR PRADESH,D712176,25.44385,80.55952,101.0,3419.0,0.939,ok,idw_raw=108.0
2026-08-07T22:03:53.230088+00:00,MIRZAPUR,UTTAR PRADESH,231310,24.93169,82.62802,116.0,3393.0,0.9365,ok,idw_raw=124.3
2026-08-07T22:03:56.664289+00:00,SAHIBGANJ,JHARKHAND,D216230,25.03204,87.69176,111.0,3391.0,0.9538,ok,idw_raw=116.1
2026-08-07T22:03:59.822497+00:00,PASHCHIMI SINGHBHUM,JHARKHAND,,,,,3379.0,,geocode_fail,
2026-08-07T22:04:02.867288+00:00,KANDHAMAL,ODISHA,D932553,20.13069,84.07905,103.0,3379.0,0.9348,ok,idw_raw=110.2
2026-08-07T22:04:06.045432+00:00,GHAZIPUR,UTTAR PRADESH,233001,25.60349,83.50759,117.0,3372.0,0.9345,ok,idw_raw=124.9
2026-08-07T22:04:08.994223+00:00,CHANDAULI,UTTAR PRADESH,D441711,25.1257,83.24946,114.0,3370.0,0.9343,ok,idw_raw=122.3
2026-08-07T22:04:12.265956+00:00,GODDA,JHARKHAND,814133,24.86459,87.29848,113.0,3351.0,0.9498,ok,idw_raw=119.3
2026-08-07T22:04:14.964119+00:00,BETUL,MADHYA PRADESH,460001,21.87975,77.87537,85.0,3337.0,0.9129,ok,idw_raw=92.6
2026-08-07T22:04:18.242312+00:00,AURANGABAD,BIHAR,D492353,24.80332,84.41102,110.0,3315.0,0.9176,ok,idw_raw=119.9
2026-08-07T22:04:19.811110+00:00,SANT RAVIDAS NAGAR (BHADOHI),UTTAR PRADESH,221201,25.36279,82.68469,121.0,3281.0,0.9256,ok,idw_raw=130.8
2026-08-07T22:04:22.772184+00:00,CHATRA,JHARKHAND,D752523,24.10623,84.86234,115.0,3265.0,0.9412,ok,idw_raw=121.7
2026-08-07T22:04:26.468013+00:00,AURAIYA,UTTAR PRADESH,D361537,26.65582,79.51608,100.0,3257.0,0.9232,ok,idw_raw=108.6
2026-08-07T22:04:29.666274+00:00,THE DANGS,GUJARAT,394710,20.75,73.75,94.0,3246.0,0.8097,ok,idw_raw=115.6
2026-08-07T22:04:32.804332+00:00,KABEERDHAM,CHHATTISGARH,,,,,3243.0,,geocode_fail,
2026-08-07T22:04:34.524546+00:00,PURULIYA,WEST BENGAL,723101,23.33333,86.41667,99.0,3227.0,0.8634,ok,idw_raw=114.2
2026-08-07T22:04:37.794359+00:00,ASHOKNAGAR,MADHYA PRADESH,D179875,24.61861,77.8787,88.0,3214.0,0.9009,ok,idw_raw=97.3
2026-08-07T22:04:41.026576+00:00,KAUSHAMBI,UTTAR PRADESH,D308156,25.53425,81.44936,108.0,3198.0,0.9173,ok,idw_raw=118.1
2026-08-07T22:04:44.739349+00:00,BHADRAK,ODISHA,D521581,20.98541,86.59342,94.0,3179.0,0.915,ok,idw_raw=102.5
2026-08-07T22:04:47.959231+00:00,SIMDEGA,JHARKHAND,D267960,22.59046,84.54648,101.0,3135.0,0.9279,ok,idw_raw=109.3
2026-08-07T22:04:50.104317+00:00,NARAYANPUR,CHHATTISGARH,494661,19.5842,81.1137,105.0,3112.0,0.9454,ok,idw_raw=111.5
2026-08-07T22:04:53.230420+00:00,BANKURA,WEST BENGAL,D778644,23.13238,87.20819,79.0,3091.0,0.8505,ok,idw_raw=93.0
2026-08-07T22:04:56.923376+00:00,TIKAMGARH,MADHYA PRADESH,D263669,24.85521,79.04725,92.0,3047.0,0.8843,ok,idw_raw=103.8
2026-08-07T22:05:00.339478+00:00,YADGIR,KARNATAKA,585323,16.57441,76.92544,79.0,3029.0,0.768,ok,idw_raw=102.9
2026-08-07T22:05:04.122829+00:00,CHHATARPUR,MADHYA PRADESH,D280374,24.76061,79.67818,90.0,2999.0,0.8794,ok,idw_raw=102.7
2026-08-07T22:05:07.377214+00:00,UTTAR BASTAR KANKER,CHHATTISGARH,D980667,20.12869,80.98453,96.0,2991.0,0.9324,ok,idw_raw=103.1
2026-08-07T22:05:11.555435+00:00,JASHPUR,CHHATTISGARH,496225,22.77025,83.9708,104.0,2987.0,0.932,ok,idw_raw=111.3
2026-08-07T22:05:14.764471+00:00,JAMTARA,JHARKHAND,D847522,23.98016,86.92436,103.0,2960.0,0.9095,ok,idw_raw=113.1
2026-08-07T22:05:17.725450+00:00,SHIVPURI,MADHYA PRADESH,D740403,25.37412,77.82789,79.0,2884.0,0.8674,ok,idw_raw=90.9
2026-08-07T22:05:19.157512+00:00,BAUDH,ODISHA,762014,20.84054,84.32148,98.0,2812.0,0.8766,ok,idw_raw=111.4
2026-08-07T22:05:22.827680+00:00,JANJGIR - CHAMPA,CHHATTISGARH,495668,21.9864,82.55366,102.0,2792.0,0.9102,ok,idw_raw=111.5
2026-08-07T22:05:26.522996+00:00,MALKANGIRI,ODISHA,D898467,18.27447,81.95203,93.0,2762.0,0.8711,ok,idw_raw=106.5
2026-08-07T22:05:30.191935+00:00,PAKUR,JHARKHAND,814111,24.53259,87.59323,102.0,2624.0,0.8719,ok,idw_raw=117.0
2026-08-07T22:05:33.146431+00:00,ALIRAJPUR,MADHYA PRADESH,D344259,22.28595,74.35456,91.0,2565.0,0.8325,ok,idw_raw=109.1
2026-08-07T22:05:36.138255+00:00,NUAPADA,ODISHA,D680704,20.54127,82.52924,92.0,2524.0,0.8441,ok,idw_raw=108.4
2026-08-07T22:05:39.362556+00:00,DINDORI,MADHYA PRADESH,D420466,22.90709,80.88469,90.0,2506.0,0.8258,ok,idw_raw=108.8
2026-08-07T22:05:42.645033+00:00,NABARANGAPUR,ODISHA,764073,19.60962,82.29877,91.0,2504.0,0.8417,ok,idw_raw=108.1
2026-08-07T22:05:46.881484+00:00,JHABUA,MADHYA PRADESH,D529633,22.88697,74.72432,82.0,2503.0,0.8254,ok,idw_raw=99.9
2026-08-07T22:05:51.058347+00:00,GUMLA,JHARKHAND,D573435,23.16038,84.45996,97.0,2483.0,0.8552,ok,idw_raw=113.0
2026-08-07T22:05:54.744756+00:00,MANDLA,MADHYA PRADESH,D577760,22.68711,80.58163,79.0,2252.0,0.7955,ok,idw_raw=99.5
2026-08-08T02:00:13.086934+00:00,NICOBARS,ANDAMAN &NICOBAR,,,,,10306.0,,geocode_fail,
2026-08-08T02:00:16.723149+00:00,DAKSHIN BASTAR DANTEWADA,CHHATTISGARH,,,,,8198.0,,geocode_fail,
2026-08-08T02:00:22.781005+00:00,NORTHTWENTYFOURPARGANAS,WEST BENGAL,,,,,6710.0,,geocode_fail,
2026-08-08T02:00:26.479704+00:00,LAHUL & SPITI,HIMACHAL PRADESH,,,,,6201.0,,geocode_fail,
2026-08-08T02:00:33.152479+00:00,PURBI SINGHBHUM,JHARKHAND,,,,,5755.0,,geocode_fail,
2026-08-08T02:00:39.230356+00:00,PURBAMEDINIPUR,WEST BENGAL,,,,,5282.0,,geocode_fail,
2026-08-08T02:00:42.832231+00:00,KOCHBIHAR,WEST BENGAL,,,,,5078.0,,geocode_fail,
2026-08-08T02:00:45.655555+00:00,UTTARDINAJPUR,WEST BENGAL,,,,,4994.0,,geocode_fail,
2026-08-08T02:00:49.380149+00:00,SOUTH TWENTY FOUR PARGANAS,WEST BENGAL,,,,,4910.0,,geocode_fail,
2026-08-08T02:00:55.386602+00:00,SHRAWASTI,UTTAR PRADESH,,,,,3958.0,,geocode_fail,
2026-08-08T02:00:58.980150+00:00,KANSHIRAM NAGAR,UTTAR PRADESH,,,,,3927.0,,geocode_fail,
2026-08-08T02:01:02.457482+00:00,DOHAD,GUJARAT,,,,,3792.0,,geocode_fail,
2026-08-08T02:01:05.649476+00:00,PASHCHIMI SINGHBHUM,JHARKHAND,,,,,3379.0,,geocode_fail,
2026-08-08T02:01:08.677865+00:00,KABEERDHAM,CHHATTISGARH,,,,,3243.0,,geocode_fail,
2026-08-09T02:00:13.565031+00:00,NICOBARS,ANDAMAN &NICOBAR,,,,,10306.0,,geocode_fail,
2026-08-09T02:00:17.248641+00:00,DAKSHIN BASTAR DANTEWADA,CHHATTISGARH,,,,,8198.0,,geocode_fail,
2026-08-09T02:00:23.471611+00:00,NORTHTWENTYFOURPARGANAS,WEST BENGAL,,,,,6710.0,,geocode_fail,
2026-08-09T02:00:28.040379+00:00,LAHUL & SPITI,HIMACHAL PRADESH,,,,,6201.0,,geocode_fail,
2026-08-09T02:00:34.133388+00:00,PURBI SINGHBHUM,JHARKHAND,,,,,5755.0,,geocode_fail,
2026-08-09T02:00:39.547463+00:00,PURBAMEDINIPUR,WEST BENGAL,,,,,5282.0,,geocode_fail,
2026-08-09T02:00:43.102679+00:00,KOCHBIHAR,WEST BENGAL,,,,,5078.0,,geocode_fail,
2026-08-09T02:00:45.902534+00:00,UTTARDINAJPUR,WEST BENGAL,,,,,4994.0,,geocode_fail,
2026-08-09T02:00:49.675651+00:00,SOUTH TWENTY FOUR PARGANAS,WEST BENGAL,,,,,4910.0,,geocode_fail,
2026-08-09T02:00:55.904801+00:00,SHRAWASTI,UTTAR PRADESH,,,,,3958.0,,geocode_fail,
2026-08-09T02:00:58.790035+00:00,KANSHIRAM NAGAR,UTTAR PRADESH,,,,,3927.0,,geocode_fail,
2026-08-09T02:01:01.654889+00:00,DOHAD,GUJARAT,,,,,3792.0,,geocode_fail,
2026-08-09T02:01:05.084179+00:00,PASHCHIMI SINGHBHUM,JHARKHAND,,,,,3379.0,,geocode_fail,
2026-08-09T02:01:08.244647+00:00,KABEERDHAM,CHHATTISGARH,,,,,3243.0,,geocode_fail,
2026-08-10T02:00:13.569419+00:00,NICOBARS,ANDAMAN &NICOBAR,,,,,10306.0,,geocode_fail,
2026-08-10T02:00:16.787837+00:00,DAKSHIN BASTAR DANTEWADA,CHHATTISGARH,,,,,8198.0,,geocode_fail,
2026-08-10T02:00:22.623275+00:00,NORTHTWENTYFOURPARGANAS,WEST BENGAL,,,,,6710.0,,geocode_fail,
2026-08-10T02:00:26.170242+00:00,LAHUL & SPITI,HIMACHAL PRADESH,,,,,6201.0,,geocode_fail,
2026-08-10T02:00:32.350047+00:00,PURBI SINGHBHUM,JHARKHAND,,,,,5755.0,,geocode_fail,
2026-08-10T02:00:38.501761+00:00,PURBAMEDINIPUR,WEST BENGAL,,,,,5282.0,,geocode_fail,
2026-08-10T02:00:42.100471+00:00,KOCHBIHAR,WEST BENGAL,,,,,5078.0,,geocode_fail,
2026-08-10T02:00:45.156146+00:00,UTTARDINAJPUR,WEST BENGAL,,,,,4994.0,,geocode_fail,
2026-08-10T02:00:48.765628+00:00,SOUTH TWENTY FOUR PARGANAS,WEST BENGAL,,,,,4910.0,,geocode_fail,
2026-08-10T02:00:55.721476+00:00,SHRAWASTI,UTTAR PRADESH,,,,,3958.0,,geocode_fail,
2026-08-10T02:00:59.371873+00:00,KANSHIRAM NAGAR,UTTAR PRADESH,,,,,3927.0,,geocode_fail,
2026-08-10T02:01:02.842755+00:00,DOHAD,GUJARAT,,,,,3792.0,,geocode_fail,
2026-08-10T02:01:06.005785+00:00,PASHCHIMI SINGHBHUM,JHARKHAND,,,,,3379.0,,geocode_fail,
2026-08-10T02:01:10.079300+00:00,KABEERDHAM,CHHATTISGARH,,,,,3243.0,,geocode_fail,
