pincode,name,lat,lng,ppi,income,poi
412308,412308,18.4245859996766,73.96054111110665,184,360500.0,100.0
201301,Noida Sec 18-27,28.57,77.326,182,594900.0,61.0
416603,"Sindhudurg, Maharashtra",16.1357193,73.6522086,177,180000.0,43.0
425116,"Jalgaon, Maharashtra",20.8428827,75.5261246,177,168700.0,43.0
416314,"Sangli, Maharashtra",17.1726928,74.5867654,176,187100.0,43.0
431002,"Aurangabad, Maharashtra",19.8717769,75.321076,175,167000.0,43.0
250001,"Meerut, Uttar Pradesh",29.0018557,77.7679671,173,189400.0,89.7
562123,Manchenahalli,13.03509662590784,77.37121582031251,173,211400.0,81.9
560025,Indiranagar,12.975,77.64,171,342500.0,100.0
124505,Loharheri,28.76934452716161,76.81394469226726,169,138100.0,90.9
502257,Indur,17.826183505004916,77.82063329088699,167,109500.0,75.9
201206,"Ghaziabad, Uttar Pradesh",28.7749966,77.4586967,166,160100.0,89.7
501512,Umerkhanguda,17.273086389116724,78.66685545014336,164,152900.0,75.9
126125,"Jind, Haryana",29.4494987,76.3736217,164,117800.0,10.8
383205,"Ahmadabad, Gujarat",23.416667,72.916667,160,139100.0,89.7
560027,Koramangala,12.935,77.627,158,251400.0,100.0
601103,"Thiruvallur, Tamil Nadu",13.2537619,80.0562572,158,132500.0,89.7
124029,Baland,28.79186704968413,76.59118652343751,154,145000.0,90.9
122508,122508,27.950092423184568,77.11303710937501,154,267500.0,90.9
122413,Mokalwas,28.364722920671525,76.87271118164062,153,260600.0,90.9
122008,Sector 63,28.387215914582992,77.0855712890625,152,256000.0,90.9
284306,Poonch,25.78999956287362,79.04663085937501,152,96200.0,0.0
416211,"Kolhapur, Maharashtra",16.4626695,74.0894749,152,128400.0,43.0
335803,"Ganganagar, Rajasthan",29.5,74.0,152,91100.0,89.7
121004,Sector 57,28.35487144830418,77.31413213723275,151,230100.0,90.9
440021,"Nagpur, Maharashtra",21.1529647,79.0145059,151,134400.0,43.0
124514,Titoli,28.972047229864312,76.59118652343751,151,113500.0,90.9
400049,Bandra West,19.055,72.827,150,205900.0,100.0
110021,Chanakyapuri,28.595,77.188,150,218000.0,26.9
110057,Vasant Vihar,28.557,77.16,150,217900.0,33.5
110003,Golf Links / Lodhi,28.598,77.227,149,193400.0,40.6
560001,MG Road / Cubbon Pk,12.978,77.61,149,203300.0,100.0
500023,"Hyderabad District, Telangana",17.385699001729336,78.46246719360353,147,79500.0,89.7
500005,Pahadi Sharif,17.245101759112192,78.49,147,79200.0,75.9
400603,Veer Sawarkar Nagar,19.185704938663225,72.99316406250001,147,134600.0,19.7
110092,Preet Vihar,28.641,77.295,145,144200.0,84.3
201003,201003,28.70553403753221,77.38386115498587,145,96600.0,61.6
110026,Punjabi Bagh,28.6686,77.1277,144,168900.0,35.9
609604,"Karaikal, Puducherry",10.9156489,79.8069488,143,92500.0,89.7
400060,Juhu,19.0971,72.8263,143,172000.0,100.0
321024,Chandoopura,27.63477710786925,77.11303710937501,142,76000.0,58.0
325203,"Kota, Rajasthan",25.196683,76.0009687,142,87900.0,89.7
110001,Connaught Place,28.6329,77.2197,142,126900.0,91.5
744202,"North  & Middle Andaman, Andaman &Nicobar",13.2277144,92.9394925,142,91000.0,89.7
476335,476335,25.79989118208833,77.03613281250001,142,49100.0,0.0
283125,Shamsabad,26.995421188850504,78.13416056229262,141,58600.0,61.6
283202,Etmadpur,27.220646414075727,78.13416056229262,141,58700.0,61.6
283122,Kiraoli,27.108033801463115,77.81383117698762,141,58400.0,61.6
400006,Malabar Hill,18.963,72.8003,141,165400.0,44.8
110054,"Central, Delhi",28.6990095,77.2314634,140,98700.0,52.0
431001,Aurangabad City Center (Kranti Chowk),19.8762,75.3433,140,113700.0,62.8
333036,333036,27.961571750035173,75.97566013471403,139,84700.0,
301705,Kanhawas,28.055418673467702,76.36870879036529,139,85400.0,0.0
332746,Dhani Sihodiyan,28.074268663597284,75.90755732415064,139,84800.0,
249401,"Haridwar, Uttarakand",29.9123514,78.0087178,138,81700.0,89.7
246488,"Garhwal, Uttarakand",30.25,79.333333,138,81700.0,89.7
400051,Khar West,19.072,72.835,137,150600.0,100.0
560017,HSR Layout,12.907,77.641,135,146700.0,100.0
273001,"Gorakhpur, Uttar Pradesh",26.6677977,83.3642334,134,52200.0,7.2
422009,College Road / Gangapur Road,19.9975,73.7649,134,63800.0,52.6
400021,Cuffe Parade,18.921,72.823,134,140700.0,92.1
577101,"Chikmagalur, Karnataka",13.3245255,75.7722995,134,82300.0,100.0
D929596,"Barwani, Madhya Pradesh",21.7514248,74.8915957,134,78900.0,89.7
224188,"Faizabad, Uttar Pradesh",26.75,82.0,133,56300.0,89.7
D997854,"Basti, Uttar Pradesh",26.8387083,82.5350919,133,56300.0,89.7
D951435,"Ballia, Uttar Pradesh",25.8749595,84.1210329,133,49600.0,89.7
221003,"Varanasi, Uttar Pradesh",25.3719338,82.9414272,132,57300.0,7.2
301020,301020,27.84904343837206,76.34921757819313,132,93500.0,
841440,"Gopalganj, Bihar",26.4211166,84.3739133,132,49200.0,64.0
334402,Palana,27.88218290814156,73.27261427855751,132,53700.0,0.6
272192,"Siddharthnagar, Uttar Pradesh",27.2511724,82.8716528,132,55000.0,7.2
301701,Behror Tehsil,27.866226520794232,76.23628674159261,131,92100.0,
D728927,"Bahraich, Uttar Pradesh",27.7343823,81.47654,131,56100.0,89.7
605005,"Puducherry, Puducherry",11.9220116,79.7951365,131,71300.0,89.7
D919044,"Pashchim Champaran, Bihar",27.0,84.5,131,48500.0,89.7
431602,Nanded Shivaji Nagar,19.15,77.305,131,51600.0,49.0
301709,Behror Tehsil,27.961571750035173,76.28111476762976,131,91700.0,
D711895,"Mau, Uttar Pradesh",26.0390905,83.4985846,131,50800.0,89.7
841241,"Siwan, Bihar",26.131008,84.3910745,131,48600.0,64.0
224227,"Mahamaya Nagar, Uttar Pradesh",26.5093135,82.6138656,131,56400.0,7.2
301713,Nimbhor (Nimhor),27.961656050984672,76.23038451779661,131,91800.0,
281406,"Mathura, Uttar Pradesh",27.633333,77.583333,130,54500.0,13.2
123501,Bawal,28.11912198708812,76.54298030095654,130,83100.0,0.0
421302,Khoni,19.30660720441715,73.06594848632814,130,90600.0,10.2
323601,Ishwarnagar,25.308399264926447,75.931025434249,130,45900.0,0.0
560008,Ulsoor,12.9743,77.6186,130,129900.0,100.0
123023,123023,27.82675781009686,76.12838745117189,130,52500.0,
123411,Kanwali,28.31053916983876,76.40282902302272,130,54100.0,0.0
176041,"Hamirpur, Himachal Pradesh",31.6539866,76.5403633,130,69100.0,89.7
274001,"Deoria, Uttar Pradesh",26.4239911,83.7638578,130,52200.0,7.2
271003,"Gonda, Uttar Pradesh",27.1103723,81.9238906,130,55000.0,7.2
127029,"Bhiwani, Haryana",28.7328101,75.8928296,130,85000.0,12.9
303108,Jagdishpura,27.736430825759445,76.12838745117189,130,91100.0,
638506,"Erode, Tamil Nadu",11.4905282,77.3505274,130,110800.0,89.7
791119,"Papum Pare, Arunachal Pradesh",27.2863667,93.6187716,130,80500.0,89.7
403529,"North Goa, Goa",15.6038925,73.9967006,130,106900.0,43.0
110048,Greater Kailash,28.543,77.24,129,124000.0,100.0
272175,"Sant Kabir Nagar, Uttar Pradesh",26.755082,83.0398545,129,51900.0,7.2
274305,"Kushinagar, Uttar Pradesh",26.9242612,83.8324465,129,51900.0,7.2
226001,"Lucknow, Uttar Pradesh",26.8312463,80.9174154,129,62800.0,89.7
228141,"Sultanpur, Uttar Pradesh",26.2604732,82.2380532,129,53900.0,89.7
D334849,"Balrampur, Uttar Pradesh",27.4476988,82.3956245,128,54200.0,89.7
334401,Udai Ramsar,27.914011740278564,73.27606201171876,128,48800.0,0.6
D400421,"Jaunpur, Uttar Pradesh",25.7967065,82.4888992,128,53500.0,89.7
D280408,"Azamgarh, Uttar Pradesh",26.023639,83.0293105,127,52100.0,89.7
845437,"Purba Champaran, Bihar",26.583333,84.833333,127,47200.0,64.0
400005,Colaba,18.907,72.815,127,119600.0,16.1
203200,"Gautam Buddha Nagar, Uttar Pradesh",28.368716,77.5970121,127,64300.0,20.9
110081,"West, Delhi",28.7379145,77.0100626,127,96700.0,52.0
263654,"Almora, Uttarakand",29.702651,79.4326318,127,63500.0,13.2
D269102,"Mahrajganj, Uttar Pradesh",27.1837263,83.4917301,127,51100.0,89.7
822123,"Palamu, Jharkhand",24.2212983,84.1725565,127,46800.0,89.7
263145,"Udham Singh Nagar, Uttarakand",29.0478314,79.4326164,127,63500.0,13.2
560034,Whitefield,12.969,77.75,126,119000.0,81.9
844126,"Vaishali, Bihar",25.7491703,85.3972164,126,46800.0,64.0
825316,"Ramgarh, Jharkhand",23.693479,85.5215989,126,46500.0,89.7
400018,Worli,19.0175,72.8169,126,118200.0,23.3
847224,"Madhubani, Bihar",26.3503076,86.2296424,126,46600.0,64.0
211001,"Allahabad, Uttar Pradesh",25.4741716,81.8495397,126,51000.0,89.7
224122,"Ambedkar Nagar, Uttar Pradesh",26.4045941,82.6065154,126,54200.0,7.2
421201,Dombivli East,19.205879248702324,73.11167912593477,125,68000.0,12.6
122017,Sector 1,28.51395270345973,77.03750610351564,125,134200.0,14.9
410500,Chakan,18.745225225225223,73.86,125,58000.0,32.9
D319295,"Garhwa, Jharkhand",24.053577,83.6526818,125,48200.0,89.7
229001,"Rae Bareli, Uttar Pradesh",26.25,81.25,124,54800.0,7.2
848505,"Katihar, Bihar",25.5586421,87.6457196,124,46100.0,64.0
843314,"Sitamarhi, Bihar",26.5712894,85.6001549,124,46000.0,64.0
843108,"Muzaffarpur, Bihar",26.1482548,85.3316097,124,46000.0,64.0
562159,"Ramanagara, Karnataka",12.730859,77.2890624,124,65300.0,100.0
413001,Solapur City Center,17.6599,75.9064,124,46000.0,44.8
D790955,"Bokaro, Jharkhand",23.6991279,85.9910689,123,44600.0,89.7
821115,"Rohtas, Bihar",24.9394143,84.0197031,123,45700.0,89.7
814114,"Deoghar, Jharkhand",24.3284257,86.7182506,123,46000.0,64.0
247001,"Saharanpur, Uttar Pradesh",29.9856799,77.5040646,123,45300.0,13.2
560011,Jayanagar,12.93,77.584,123,111400.0,100.0
400614,Vashi,19.0771,73.0028,123,65500.0,38.3
560037,Marathahalli,12.956,77.701,123,110600.0,100.0
444601,Amravati City Center,20.9374,77.7796,122,41500.0,38.3
411089,"Pune, Maharashtra",18.6448627,73.9224157,122,74600.0,43.0
141116,"Ludhiana, Punjab",30.789407,75.8269724,122,69100.0,35.9
414001,"Ahmadnagar, Maharashtra",19.074352,74.7219979,122,76200.0,43.0
400087,"Mumbai Suburban, Maharashtra",19.1309844,72.8894618,122,75100.0,43.0
222501,"Bara Banki, Uttar Pradesh",26.9013312,81.2151601,122,55300.0,7.2
246439,"Rudraprayag, Uttarakand",30.4915835,79.0366067,122,64100.0,89.7
221201,"Sant Ravidas Nagar (Bhadohi), Uttar Pradesh",25.3627897,82.6846939,121,52100.0,7.2
825402,"Hazaribagh, Jharkhand",24.0866962,85.4912231,121,43800.0,89.7
444602,Amravati Camp,20.932,77.785,121,40600.0,19.7
D669852,"Lohardaga, Jharkhand",23.4770044,84.6986684,121,43600.0,89.7
843329,"Sheohar, Bihar",26.4934234,85.2717561,121,45100.0,64.0
D511120,"Sonbhadra, Uttar Pradesh",24.4148159,83.0637517,121,48000.0,89.7
D171615,"Latehar, Jharkhand",23.6880057,84.4969551,121,43800.0,89.7
124001,Tilak Nagar,28.881957139774222,76.59118652343751,121,56800.0,26.9
631501,"Kancheepuram, Tamil Nadu",12.88211,79.8063903,121,55600.0,89.7
D267452,"Dumka, Jharkhand",24.3159312,87.2720833,121,45300.0,89.7
110088,Shalimar Bagh,28.71160418031827,77.14494027864622,120,81100.0,52.6
249131,"Tehri Garhwal, Uttarakand",30.4658181,78.4837349,120,60900.0,89.7
D842180,"Ujjain, Madhya Pradesh",23.2933285,75.6263115,120,57900.0,89.7
303506,"Dausa, Rajasthan",26.8048659,76.4437457,120,45000.0,89.7
560002,Shivajinagar,12.9836,77.6081,120,104000.0,100.0
201308,Knowledge Park III,28.475205180457223,77.49237637383759,120,54000.0,61.6
577544,"Davanagere, Karnataka",14.2558835,75.8303421,120,59900.0,100.0
560099,Bellandur,12.935,77.666,120,102600.0,64.0
804420,"Jehanabad, Bihar",25.1529579,85.0065043,120,44800.0,64.0
813102,"Banka, Bihar",24.8328273,86.8161114,120,44600.0,64.0
110034,Pitampura,28.699,77.131,120,82500.0,71.7
848503,"Samastipur, Bihar",25.7747885,85.8672314,120,44400.0,64.0
142023,"Panipat, Haryana",29.3472909,76.8871622,120,66500.0,35.9
821101,"Kaimur (Bhabua), Bihar",25.0402736,83.6076361,120,44200.0,89.7
D428839,"Bhojpur, Bihar",25.4501182,84.5635193,120,44800.0,89.7
122022,Gurgaon Golf Course Rd,28.4324,77.1005,119,116900.0,25.7
313702,"Udaipur, Rajasthan",24.453502,73.4070437,119,46600.0,89.7
332041,"Sikar, Rajasthan",27.6624156,75.0279971,119,47900.0,89.7
110094,"North East, Delhi",28.723308,77.2668565,119,80500.0,52.0
803109,"Sheikhpura, Bihar",25.1250741,85.8160771,119,44300.0,64.0
852221,"Saharsa, Bihar",25.8330757,86.6143751,119,44400.0,64.0
851127,"Begusarai, Bihar",25.5125411,86.0883392,119,44400.0,64.0
854202,"Madhepura, Bihar",25.7806118,86.9364753,119,44500.0,64.0
208012,"Kanpur Nagar, Uttar Pradesh",26.4410107,80.2652803,119,46300.0,13.2
824231,"Gaya, Bihar",24.679389,85.0115833,119,43800.0,89.7
D515353,"Darbhanga, Bihar",26.0829899,86.0324951,119,44100.0,89.7
D211490,"Pratapgarh, Uttar Pradesh",25.75,81.75,119,48800.0,89.7
D942323,"Kodarma, Jharkhand",24.5423802,85.69301,118,43600.0,89.7
413002,Solapur Railway Lines,17.661,75.907,118,40200.0,46.6
451440,"West Nimar, Madhya Pradesh",21.833333,75.5,118,49400.0,89.7
370427,"Kachchh, Gujarat",23.1010821,69.6099056,118,45700.0,89.7
110024,Defence Colony / Lajpat,28.573,77.231,118,94800.0,100.0
392140,"Bharuch, Gujarat",21.8357373,72.8820876,118,46600.0,89.7
362260,"Junagadh, Gujarat",21.3364779,70.4250428,118,44600.0,89.7
396375,"Navsari, Gujarat",20.829714,73.0332342,118,48400.0,89.7
D169177,"Datia, Madhya Pradesh",25.9182947,78.6644962,118,49500.0,89.7
D581407,"Supaul, Bihar",26.2768089,86.7959614,118,43800.0,89.7
D763704,"Kheri, Uttar Pradesh",28.116667,80.716667,118,51400.0,89.7
D195091,"Sitapur, Uttar Pradesh",27.5026748,80.8335139,118,50700.0,89.7
D419945,"Purnia, Bihar",25.7758723,87.4087667,118,43900.0,89.7
D853079,"Saran, Bihar",25.9214451,84.7759731,117,43600.0,89.7
203205,Sanwli,28.467484060916792,77.63849208002596,117,32200.0,61.6
400027,Darukhana,18.96181814124214,72.88089752197267,117,102000.0,0.0
410206,"Raigarh, Maharashtra",18.9818971,73.1141545,117,67000.0,43.0
D913218,"Firozabad, Uttar Pradesh",27.1941954,78.4604956,117,50100.0,89.7
D301308,"Mainpuri, Uttar Pradesh",27.2093072,79.0625369,117,45700.0,89.7
851213,"Khagaria, Bihar",25.4930513,86.6982264,117,43700.0,64.0
574220,"Dakshina Kannada, Karnataka",12.8226434,75.2265036,117,62300.0,100.0
387335,"Kheda, Gujarat",22.8532503,72.9953586,117,61000.0,89.7
D837649,"Jalna, Maharashtra",19.918833,75.8708599,117,88700.0,89.7
110070,Vasant Kunj,28.52,77.155,117,101700.0,19.7
233001,"Ghazipur, Uttar Pradesh",25.6034863,83.5075888,117,46100.0,89.7
767017,"Subarnapur, Odisha",20.8535784,83.8529159,116,42500.0,89.7
248159,"Dehradun, Uttarakand",30.4998157,77.8625457,116,49600.0,20.9
391760,"Vadodara, Gujarat",22.3179455,73.3048674,116,53600.0,89.7
D940778,"Bhagalpur, Bihar",25.2861354,87.1304229,116,43000.0,89.7
231310,"Mirzapur, Uttar Pradesh",24.9316896,82.6280163,116,48400.0,89.7
576124,"Udupi, Karnataka",13.5269784,74.8731879,116,47000.0,100.0
811314,"Jamui, Bihar",24.7562514,86.3011128,116,43200.0,64.0
D189961,"Araria, Bihar",26.2651013,87.3699437,116,43200.0,89.7
110053,"East, Delhi",28.7185203,77.2645076,116,74400.0,52.0
815315,"Giridih, Jharkhand",24.3314546,86.1548117,116,43400.0,64.0
D394763,"Patna, Bihar",25.4680538,85.1952852,116,43300.0,89.7
D210640,"Rewa, Madhya Pradesh",24.7560846,81.3810574,115,44100.0,89.7
D325346,"Dhule, Maharashtra",21.1305215,74.4900614,115,64000.0,89.7
D404179,"Shahdol, Madhya Pradesh",23.3002343,81.364771,115,43300.0,89.7
D752523,"Chatra, Jharkhand",24.1062316,84.8623379,115,41700.0,89.7
D780233,"Dhar, Madhya Pradesh",22.5786572,75.2258637,115,57900.0,89.7
304001,"Tonk, Rajasthan",26.1223198,75.6632235,115,57500.0,89.7
560029,Basavanagudi,12.937,77.5763,115,92900.0,100.0
124104,"Jhajjar, Haryana",28.5964461,76.6505366,115,39300.0,10.8
400010,Haji Malangwadi,18.96916,72.84172000000001,115,98100.0,35.3
342001,"Jodhpur, Rajasthan",26.410532,72.9646645,115,56400.0,89.7
D706767,"Bargarh, Odisha",21.2319922,83.5652737,115,42300.0,89.7
D147530,"Lakhisarai, Bihar",25.1543938,86.1744959,115,43000.0,89.7
D461093,"Balangir, Odisha",20.6095183,83.1673029,114,41900.0,89.7
D952324,"Bhind, Madhya Pradesh",26.3518828,78.6863189,114,47900.0,89.7
785621,"Golaghat, Assam",26.3689557,94.0086553,114,39700.0,89.7
497346,"Koriya, Chhattisgarh",23.476254,82.4776374,114,45000.0,89.7
799001,"West Tripura, Tripura",23.9153329,91.3879341,114,59800.0,89.7
400013,Lower Parel,18.9937,72.8263,114,88400.0,100.0
507167,"Khammam, Telangana",17.1729189,80.4057537,114,45000.0,89.7
506331,"Warangal, Telangana",17.8675814,79.801947,114,45700.0,89.7
D441711,"Chandauli, Uttar Pradesh",25.125695,83.2494601,114,45500.0,89.7
D569194,"Satna, Madhya Pradesh",24.6954445,80.7770348,113,40900.0,89.7
D170869,"East Nimar, Madhya Pradesh",21.75,76.583333,113,41700.0,89.7
560076,Malleshwaram,13.004,77.572,113,88300.0,100.0
D797660,"Kanpur Dehat, Uttar Pradesh",26.4585639,79.8548052,113,45000.0,89.7
814133,"Godda, Jharkhand",24.8645886,87.2984838,113,42200.0,64.0
486896,"Singrauli, Madhya Pradesh",24.2431343,82.3827672,113,47200.0,89.7
203207,203207,28.570549319816863,77.53746379312402,113,119500.0,61.6
D124782,"Khunti, Jharkhand",22.9281801,85.2814475,113,40000.0,89.7
394670,"Tapi, Gujarat",21.1916567,73.5560631,113,47200.0,89.7
761214,"Gajapati, Odisha",19.1966026,84.1930634,113,42600.0,89.7
D655706,"Jabalpur, Madhya Pradesh",23.2230231,79.9825642,113,41200.0,89.7
802136,"Buxar, Bihar",25.5044834,84.1097525,113,42300.0,64.0
D851774,"Unnao, Uttar Pradesh",26.5673264,80.6198193,113,47400.0,89.7
400053,Santacruz West,19.083,72.841,112,86000.0,73.5
D505553,"Arwal, Bihar",25.1812832,84.6596648,112,41800.0,89.7
505469,"Karimnagar, Telangana",18.4075996,79.2182933,112,45900.0,89.7
495004,"Bilaspur, Chhattisgarh",22.1638486,82.1365923,112,41900.0,89.7
803120,"Nalanda, Bihar",25.211599,85.4484611,112,41800.0,64.0
500104,"Rangareddy, Telangana",17.4233588,78.3775407,112,45500.0,89.7
786001,"Dibrugarh, Assam",27.400599,94.9950865,112,38200.0,89.7
123308,Badhra,28.461055524098345,75.97283459362214,112,55000.0,90.9
508377,"Nalgonda, Telangana",16.8579636,79.2174935,112,47000.0,89.7
D231483,"Rayagada, Odisha",19.4426698,83.5873053,112,41500.0,89.7
411004,Deccan Gymkhana,18.5195,73.841,112,66200.0,100.0
786153,"Tinsukia, Assam",27.5971709,95.5668529,112,36800.0,89.7
524311,"Nellore, Andhra Pradesh",14.557001,79.7234781,112,39800.0,89.7
D309783,"Sehore, Madhya Pradesh",23.1150041,77.0665356,112,46400.0,89.7
518465,"Kurnool, Andhra Pradesh",15.5478804,77.554259,112,38400.0,89.7
785634,"Jorhat, Assam",26.6500766,94.2700644,112,39700.0,89.7
493551,"Mahasamund, Chhattisgarh",21.1922846,82.4890263,111,40900.0,89.7
523262,"Prakasam, Andhra Pradesh",15.5641955,80.0066786,111,43500.0,89.7
452001,"Indore, Madhya Pradesh",22.7108119,75.8076918,111,60900.0,89.7
123106,Dharuhera,28.15273211642041,76.7449951171875,111,35500.0,0.0
533309,"West Godavari, Andhra Pradesh",16.6443029,81.5885247,111,43100.0,89.7
402004,Balkeshwar,27.203380537607654,78.02228952920916,111,59100.0,41.8
D350782,"Nawada, Bihar",24.8173249,85.5179085,111,41100.0,89.7
D216230,"Sahibganj, Jharkhand",25.0320437,87.691764,111,41800.0,89.7
D622904,"Bastar, Chhattisgarh",19.1191283,81.8291865,111,42500.0,89.7
D148606,"Chitrakoot, Uttar Pradesh",25.217139,81.1045927,111,43000.0,89.7
496111,"Raigarh, Chhattisgarh",22.2361795,83.3529534,111,40300.0,89.7
D163852,"Ratlam, Madhya Pradesh",23.50222,74.9551534,111,48600.0,89.7
783383,"Bongaigaon, Assam",26.348883,90.6291434,110,38300.0,89.7
758001,"Kendujhar, Odisha",21.5892323,85.6687841,110,40400.0,89.7
D982573,"Dima Hasao, Assam",25.4003625,93.0752292,110,41400.0,89.7
D492353,"Aurangabad, Bihar",24.8033201,84.4110198,110,40800.0,89.7
522307,"Guntur, Andhra Pradesh",16.2853547,80.5686143,110,44900.0,89.7
124010,Sunari Khurd,28.878349647602047,76.58569335937501,110,43700.0,10.8
562130,"Bangalore Rural, Karnataka",13.0010872,77.3361225,110,82100.0,100.0
497116,"Surguja, Chhattisgarh",22.9470108,83.1656868,110,41500.0,89.7
534350,"East Godavari, Andhra Pradesh",16.9956639,81.7154378,110,45000.0,89.7
410208,Valap,19.05919738778152,73.14285278320314,110,57200.0,0.6
670721,"Wayanad, Kerala",11.7151291,76.1271185,110,38400.0,89.7
571201,"Kodagu, Karnataka",12.3827332,75.6640715,110,39200.0,100.0
572128,"Tumkur, Karnataka",13.4999406,77.0002445,110,39300.0,100.0
410200,Kundevahal,18.995494074161105,73.07545482808841,110,58000.0,100.0
D841188,"Korba, Chhattisgarh",22.5198217,82.6350029,109,41000.0,89.7
606001,"Cuddalore, Tamil Nadu",11.5202071,79.3396356,109,61700.0,89.7
488051,"Panna, Madhya Pradesh",24.4498931,80.1462723,109,36100.0,89.7
834010,"Ranchi, Jharkhand",23.3007039,85.3738838,109,35800.0,89.7
D503810,"Sidhi, Madhya Pradesh",24.2112687,81.7000415,109,42400.0,89.7
110091,Mayur Vihar Phase 1,28.6085,77.296,109,63300.0,77.1
621804,"Ariyalur, Tamil Nadu",11.1530559,79.2585797,109,37400.0,89.7
173023,"Sirmaur, Himachal Pradesh",30.6991321,77.4465304,109,36800.0,89.7
630556,"Sivaganga, Tamil Nadu",9.8671821,78.550483,109,36800.0,89.7
212600,"Fatehpur, Uttar Pradesh",25.8348023,80.9154547,109,42300.0,7.2
431601,Nanded Vazirabad,19.1383,77.321,109,30900.0,16.1
410221,Somatne,18.97513000046636,73.13804626464845,109,58400.0,4.8
670593,"Kannur, Kerala",11.9863343,75.5479704,109,43100.0,89.7
614712,"Nagapattinam, Tamil Nadu",10.6026203,79.7619348,109,36800.0,89.7
D556250,"Chirang, Assam",26.6464231,90.624157,109,41200.0,89.7
788119,"Cachar, Assam",24.75864,92.8816648,109,38200.0,89.7
676121,"Malappuram, Kerala",11.1068448,76.1099551,109,43600.0,89.7
410102,Prabalgad Machi,18.96091,73.27097499999999,108,56600.0,100.0
768109,"Debagarh, Odisha",21.4477962,84.7174204,108,39900.0,89.7
207001,"Etah, Uttar Pradesh",27.5550357,78.5992221,108,59000.0,7.2
400054,Vile Parle West,19.0983,72.8487,108,78100.0,57.4
794111,"East Garo Hills, Meghalaya",25.6184946,90.6342162,108,50500.0,89.7
D523472,"West Garo Hills, Meghalaya",25.6065343,90.2038335,108,44400.0,89.7
583103,"Bellary, Karnataka",15.1481913,76.9349293,108,48600.0,100.0
284403,"Lalitpur, Uttar Pradesh",24.6999688,78.51862,108,43400.0,7.2
828109,"Dhanbad, Jharkhand",23.8451969,86.4636588,108,41200.0,89.7
421003,Vitthalwadi,19.248088052693188,73.16873515021356,108,56600.0,4.8
110074,"South, Delhi",28.4851694,77.1963652,108,83500.0,52.0
792130,"Tirap, Arunachal Pradesh",27.030169,95.4979175,108,34600.0,89.7
175021,"Mandi, Himachal Pradesh",31.6516617,77.0092542,108,41400.0,89.7
795010,"Imphal East, Manipur",24.8326698,94.0168859,108,33600.0,89.7
624622,"Dindigul, Tamil Nadu",10.4256896,77.815664,108,40900.0,89.7
D308156,"Kaushambi, Uttar Pradesh",25.5342456,81.4493567,108,43900.0,89.7
455223,"Dewas, Madhya Pradesh",22.8057498,76.2940408,108,52900.0,44.8
798616,"Tuensang, Nagaland",26.2342107,94.741553,108,41300.0,89.7
560078,JP Nagar,12.9044,77.5856,108,79500.0,100.0
678642,"Palakkad, Kerala",10.7873692,76.4742172,108,45900.0,89.7
573118,"Hassan, Karnataka",13.0301852,76.1744968,108,40700.0,100.0
580020,"Dharwad, Karnataka",15.3707296,75.1332867,108,40500.0,100.0
D836663,"Nalbari, Assam",26.3533632,91.3983662,108,41000.0,89.7
202001,"Aligarh, Uttar Pradesh",27.8761073,78.1358153,108,63900.0,89.7
521156,"Krishna, Andhra Pradesh",16.2135466,81.0277844,108,48000.0,89.7
625005,"Madurai, Tamil Nadu",9.9369266,78.007823,107,52800.0,89.7
689699,"Pathanamthitta, Kerala",9.2780841,76.9737443,107,59400.0,89.7
D693397,"Kalahandi, Odisha",19.8265757,83.0408702,107,39700.0,89.7
D502821,"Etawah, Uttar Pradesh",26.7155629,79.0917098,107,42500.0,89.7
686564,"Kottayam, Kerala",9.6287383,76.6455326,107,59100.0,89.7
797102,"Phek, Nagaland",25.6700924,94.3843925,107,38200.0,89.7
799273,"Dhalai, Tripura",23.8253158,91.9732227,107,38200.0,89.7
685512,"Idukki, Kerala",9.8154785,76.9991599,107,56600.0,89.7
636014,"Salem, Tamil Nadu",11.6469616,78.2106958,107,53700.0,89.7
110059,Uttam Nagar,28.62,77.06,107,72500.0,34.7
632010,"Vellore, Tamil Nadu",12.9021849,79.061104,107,41100.0,89.7
560085,Banashankari,12.924,77.563,107,76900.0,100.0
791104,"East Siang, Arunachal Pradesh",28.0742219,95.4178149,107,38200.0,89.7
635116,"Krishnagiri, Tamil Nadu",12.5152075,78.0093769,107,42600.0,89.7
637003,"Namakkal, Tamil Nadu",11.3033889,78.118604,107,51400.0,89.7
172116,"Kinnaur, Himachal Pradesh",31.593013,78.3281417,107,45700.0,89.7
798625,"Longleng, Nagaland",26.5839315,94.8045481,107,36300.0,89.7
421102,Ambivali,19.268235,73.18473,107,54800.0,1.2
795113,"Imphal West, Manipur",24.7590802,93.8617365,107,38300.0,89.7
680014,"Thrissur, Kerala",10.4786547,76.2726125,107,58600.0,89.7
792123,"Changlang, Arunachal Pradesh",27.2698797,96.0602442,107,37100.0,89.7
421100,Padagha,19.375494679934004,73.16873515021356,107,56500.0,1.2
D145034,"Thoubal, Manipur",24.6203931,94.0104782,107,37100.0,89.7
787059,"Dhemaji, Assam",27.5945155,94.7192098,107,36600.0,89.7
D968680,"Maldah, West Bengal",25.0977098,88.1261713,107,41800.0,89.7
784505,"Sonitpur, Assam",26.7677707,92.7014089,107,37500.0,89.7
D920456,"Mayurbhanj, Odisha",21.9156338,86.3961824,107,40100.0,89.7
D516392,"Nayagarh, Odisha",20.2393682,85.050728,107,39100.0,89.7
D552859,"Rampur, Uttar Pradesh",28.7934728,79.1845806,107,44400.0,89.7
246762,"Bijnor, Uttar Pradesh",29.4074203,78.4821406,107,45200.0,89.7
D580844,"Amravati, Maharashtra",21.1545412,77.6442962,107,35300.0,89.7
D197112,"Uttarkashi, Uttarakand",30.9635733,78.6362521,107,51900.0,89.7
D193421,"Kishanganj, Bihar",26.2984144,87.9466715,106,40600.0,89.7
301406,"Alwar, Rajasthan",27.4140049,76.6170387,106,52800.0,89.7
688501,"Alappuzha, Kerala",9.5003416,76.4123364,106,56600.0,89.7
673574,"Kozhikode, Kerala",11.4655936,75.89194,106,46900.0,89.7
586127,"Bijapur, Karnataka",16.814415,75.8933856,106,37000.0,100.0
333001,"Jhunjhununu, Rajasthan",28.1071434,75.3755202,106,40100.0,89.7
D270808,"Katni, Madhya Pradesh",23.7176393,80.2610181,106,38200.0,89.7
691315,"Kollam, Kerala",8.9674039,76.8585783,106,40300.0,89.7
798611,"Kiphire, Nagaland",25.8117088,94.8474036,106,39800.0,89.7
411014,Kalyani Nagar,18.558,73.9012,106,58300.0,37.1
627502,"Tirunelveli, Tamil Nadu",8.5495014,77.5805178,106,43200.0,89.7
791002,"Upper Siang, Arunachal Pradesh",28.7312046,95.0377315,106,40300.0,89.7
122104,"Mewat, Haryana",27.7939605,77.0120827,106,87900.0,10.8
305600,"Ajmer, Rajasthan",26.3318872,74.7169752,106,40100.0,89.7
400059,Andheri West,19.119,72.836,106,74700.0,100.0
791122,"Upper Subansiri, Arunachal Pradesh",28.2596054,94.0938106,106,50200.0,89.7
791118,"Kurung Kumey, Arunachal Pradesh",27.9863677,93.1578347,106,41200.0,89.7
484330,"Anuppur, Madhya Pradesh",23.0346179,81.7510255,106,41100.0,44.8
784125,"Darrang, Assam",26.4373481,92.0047145,106,37300.0,89.7
D191344,"Baleshwar, Odisha",21.5197916,86.8790638,106,40600.0,89.7
795102,"Chandel, Manipur",24.1700959,94.0059673,106,39100.0,89.7
D211386,"Bishnupur, Manipur",24.5263926,93.800487,106,36900.0,89.7
494661,"Narayanpur, Chhattisgarh",19.5842032,81.1136986,105,39400.0,89.7
D654726,"Akola, Maharashtra",20.7618122,77.1921157,105,35300.0,89.7
D525018,"Barmer, Rajasthan",25.5814853,71.1924922,105,41700.0,89.7
D730512,"Raisen, Madhya Pradesh",23.2675909,78.1727134,105,40000.0,89.7
783362,"Goalpara, Assam",26.0491877,90.6001859,105,36600.0,89.7
781300,"Barpeta, Assam",26.345941,91.039708,105,36800.0,89.7
794102,"South Garo Hills, Meghalaya",25.347969,90.5657773,105,49300.0,89.7
790102,"East Kameng, Arunachal Pradesh",27.557781,93.0753012,105,43900.0,89.7
400605,Reti Bandar,19.19932304572844,73.00140380859376,105,51400.0,12.0
792001,"Lohit, Arunachal Pradesh",28.0350162,96.1713515,105,43500.0,89.7
121001,"Faridabad, Haryana",28.3584336,77.3268462,105,78700.0,89.7
174316,"Una, Himachal Pradesh",31.5834642,76.2351452,105,45500.0,89.7
833219,"Saraikela-Kharsawan, Jharkhand",22.7464225,85.9168929,105,39100.0,89.7
700019,"Kolkata, West Bengal",22.5354262,88.3633146,105,52900.0,89.7
422001,Nashik City Center,19.9975,73.7898,105,32900.0,59.2
781137,"Kamrup, Assam",26.1468861,91.2227397,105,36900.0,89.7
D649160,"Ribhoi, Meghalaya",25.723641,92.0426339,105,38300.0,89.7
800081,Ward 107 Madhapur,17.449402315349744,78.3957142685449,105,39600.0,64.0
796321,"Champhai, Mizoram",23.5443743,93.3479506,105,40100.0,89.7
797112,"Dimapur, Nagaland",25.9041378,93.7177609,105,43000.0,89.7
D343352,"Koraput, Odisha",18.7232023,82.6100596,105,40600.0,89.7
461005,"Hoshangabad, Madhya Pradesh",22.6503147,77.7509281,105,40400.0,44.8
759123,"Anugul, Odisha",20.8444035,85.1137498,105,38400.0,89.7
D262167,"Kannauj, Uttar Pradesh",26.9986675,79.6927946,104,40300.0,89.7
496225,"Jashpur, Chhattisgarh",22.770251,83.9708013,104,38800.0,89.7
382711,"Mahesana, Gujarat",23.5705467,72.4568752,104,57500.0,89.7
D782262,"Vizianagaram, Andhra Pradesh",18.2760018,83.4662692,104,38700.0,89.7
D254856,"Gwalior, Madhya Pradesh",26.0287495,78.1570654,104,38700.0,89.7
D832430,"North Tripura, Tripura",24.0921476,92.2451214,104,38700.0,89.7
D213047,"Chhindwara, Madhya Pradesh",22.2071897,78.798833,104,38700.0,89.7
D226277,"Serchhip, Mizoram",23.3052514,92.8455124,104,38700.0,89.7
D237982,"Peren, Nagaland",25.4499691,93.6001738,104,38700.0,89.7
796911,"Saiha, Mizoram",22.2876724,93.01336,104,38700.0,89.7
D770954,"Gadchiroli, Maharashtra",19.7590704,80.1622807,104,38700.0,89.7
D817915,"Jalor, Rajasthan",25.166667,72.25,104,38700.0,89.7
D794154,"Shimoga, Karnataka",14.0556503,75.2380553,104,38700.0,89.7
D862485,"East Khasi Hills, Meghalaya",25.4023736,91.8317178,104,38700.0,89.7
D853564,"Jamnagar, Gujarat",22.32997,70.1327524,104,38700.0,89.7
D648773,"Surat, Gujarat",21.1923647,72.9551023,104,38700.0,89.7
D634761,"Hisar, Haryana",29.2396596,75.8174505,104,38700.0,89.7
D939856,"Nagaur, Rajasthan",26.9873443,73.7389011,104,38700.0,89.7
D794663,"Bhilwara, Rajasthan",25.470994,74.6961316,104,38700.0,89.7
D629957,"Kulgam, Jammu And Kashmir",33.6250187,74.6949458,104,38700.0,89.7
D910402,"Kasaragod, Kerala",12.4221964,75.1904446,104,38700.0,89.7
171207,"Shimla, Himachal Pradesh",31.2387672,77.7185684,104,53000.0,89.7
D566928,"Burhanpur, Madhya Pradesh",21.334867,76.3708803,104,38700.0,89.7
D427457,"Chamoli, Uttarakand",30.4985956,79.6190537,104,38700.0,89.7
D958603,"Chamarajanagar, Karnataka",11.9544201,77.1069086,104,38700.0,89.7
D591824,"Ananthapur, Andhra Pradesh",14.5300827,77.6671997,104,38700.0,89.7
D248418,"Jhansi, Uttar Pradesh",25.529855,78.6527802,104,38700.0,89.7
790105,"Tawang, Arunachal Pradesh",27.6741942,91.9362059,104,45800.0,89.7
D823806,"Karnal, Haryana",29.7255766,76.9106924,104,38700.0,89.7
D726977,"Sonipat, Haryana",29.0414186,76.922715,104,38700.0,89.7
D966900,"Nashik, Maharashtra",20.2254559,74.104233,104,38700.0,89.7
D976610,"Chennai, Tamil Nadu",13.0008413,80.2023035,104,38700.0,89.7
D717069,"Kullu, Himachal Pradesh",31.8778325,77.4495659,104,38700.0,89.7
D340635,"Banas Kantha, Gujarat",24.25,72.5,104,38700.0,89.7
D997922,"Latur, Maharashtra",18.3553347,76.7548997,104,38700.0,89.7
D254564,"Panchkula, Haryana",30.689535,76.9947922,104,38700.0,89.7
D160859,"Aizawl, Mizoram",23.8608788,92.864694,104,38700.0,89.7
D171306,"Lawngtlai, Mizoram",22.3913377,92.7397189,104,38700.0,89.7
D331294,"Pali, Rajasthan",25.4552211,73.419389,104,41600.0,89.7
D902798,"Tiruvannamalai, Tamil Nadu",12.4289282,78.99915,104,38700.0,89.7
D890490,"Cuttack, Odisha",20.3700655,85.4697256,104,38700.0,89.7
D888359,"Reasi, Jammu And Kashmir",33.2059909,74.8626794,104,38700.0,89.7
D884563,"Champawat, Uttarakand",29.235032,80.1023068,104,38700.0,89.7
D871865,"Kadapa, Andhra Pradesh",14.5395752,78.6582332,104,38700.0,89.7
D118911,"Bilaspur, Himachal Pradesh",31.3380959,76.7611631,104,38700.0,89.7
D832760,"Chittoor, Andhra Pradesh",13.325036,79.6480611,104,38700.0,89.7
D838687,"Ratnagiri, Maharashtra",17.2826079,73.4569787,104,38700.0,89.7
D371822,"South Tripura, Tripura",23.1708278,91.638817,104,38700.0,89.7
D840134,"Amritsar, Punjab",31.7685759,74.8315603,104,38700.0,89.7
D846953,"Churu, Rajasthan",28.2047781,74.6912996,104,38700.0,89.7
D850617,"Zunheboto, Nagaland",26.0123803,94.5123719,104,38700.0,89.7
D534240,"Durg, Chhattisgarh",21.1982964,81.4007922,104,38700.0,89.7
D447102,"Pithoragarh, Uttarakand",30.1264975,80.4816989,104,38700.0,89.7
D629821,"Bharatpur, Rajasthan",27.0246959,77.2920116,104,38700.0,89.7
D792405,"Coimbatore, Tamil Nadu",10.8124445,77.0796084,104,38700.0,89.7
D632781,"Udhampur, Jammu And Kashmir",32.911964,75.3265845,104,38700.0,89.7
D582880,"Karur, Tamil Nadu",10.8217671,78.3828654,104,38700.0,89.7
625520,"Theni, Tamil Nadu",9.8692558,77.4222974,104,45000.0,89.7
D629207,"Lunglei, Mizoram",22.9519972,92.6338827,104,38700.0,89.7
D433744,"Anjaw, Arunachal Pradesh",28.1553856,96.8407212,104,38700.0,89.7
D649886,"Chitradurga, Karnataka",14.3049174,76.5296667,104,38700.0,89.7
D958583,"Chamba, Himachal Pradesh",32.6923316,76.1631552,104,38700.0,89.7
D609641,"Wokha, Nagaland",26.242251,94.1921153,104,38700.0,89.7
D470467,"Bhopal, Madhya Pradesh",23.4839759,77.3928507,104,38700.0,89.7
D450640,"Bathinda, Punjab",30.1794814,75.0471098,104,38700.0,89.7
D474943,"Satara, Maharashtra",17.6361289,74.2982781,104,38700.0,89.7
D903909,"Dhenkanal, Odisha",20.8351494,85.6022305,104,37900.0,89.7
D212378,"Sirsa, Haryana",29.6063041,74.9036568,104,38700.0,89.7
210421,"Mahoba, Uttar Pradesh",25.3615938,79.706011,104,39700.0,7.2
400028,Dadar West,19.0178,72.8478,104,72000.0,87.3
487110,"Narsimhapur, Madhya Pradesh",22.916667,79.166667,104,39600.0,44.8
D524797,"Porbandar, Gujarat",21.602975,69.8538067,104,38700.0,89.7
D436336,"Valsad, Gujarat",20.4321957,73.1409893,104,38700.0,89.7
D344010,"Koppal, Karnataka",15.5748238,76.3118494,104,38700.0,89.7
D285577,"Pulwama, Jammu And Kashmir",33.9490472,75.0418335,104,38700.0,89.7
121009,Badarpur,28.49192790988262,77.31079101562501,104,77400.0,16.1
D905581,"Rajkot, Gujarat",22.069288,71.0288686,104,38700.0,89.7
D690011,"Jalaun, Uttar Pradesh",26.1048633,79.3919136,104,39900.0,89.7
D552582,"Sangrur, Punjab",30.135717,75.8533326,104,38700.0,89.7
D155696,"Mahabubnagar, Telangana",16.6965686,77.9591146,104,38700.0,89.7
D363985,"Osmanabad, Maharashtra",18.169844,76.1179632,104,38700.0,89.7
562109,Muttarayanagudipalya,12.85491644572766,77.37121582031251,104,41400.0,81.9
D272288,"Jaisalmer, Rajasthan",27.0264162,70.777512,104,38700.0,89.7
570001,"Mysore, Karnataka",12.328986,76.6635208,104,45600.0,100.0
D324734,"Karauli, Rajasthan",26.5158329,77.0565965,104,38700.0,89.7
D525821,"Srikakulam, Andhra Pradesh",18.622438,84.1443764,104,38700.0,89.7
D549883,"Mandya, Karnataka",12.6368939,76.7275477,104,38700.0,89.7
D848859,"Virudhunagar, Tamil Nadu",9.4926289,77.8631831,104,38700.0,89.7
D808830,"Raipur, Chhattisgarh",21.2809089,81.8164073,104,38700.0,89.7
D989489,"Nainital, Uttarakand",29.294995,79.4162511,104,38700.0,89.7
D458966,"Lakshadweep, Lakshadweep",10.8132489,73.6804621,104,38700.0,89.7
D706630,"Palwal, Haryana",28.0599426,77.3223422,104,38700.0,89.7
D710636,"Wardha, Maharashtra",20.8256231,78.6131455,104,38700.0,89.7
D750446,"Mamit, Mizoram",23.7564387,92.4515374,104,38700.0,89.7
D745712,"Kishtwar, Jammu And Kashmir",33.61562,75.8793972,104,38700.0,89.7
D734356,"Sambalpur, Odisha",21.5570606,84.1528515,104,38700.0,89.7
D731829,"Tiruchirappalli, Tamil Nadu",10.8504608,78.724533,104,38700.0,89.7
D653477,"Solan, Himachal Pradesh",31.0568119,76.850301,104,38700.0,89.7
D754715,"Patiala, Punjab",30.2092778,76.3397231,104,38700.0,89.7
D794573,"Kathua, Jammu And Kashmir",32.5825837,75.6104797,104,38700.0,89.7
D656917,"Bhavnagar, Gujarat",21.5656705,71.9077622,104,38700.0,89.7
782141,"Nagaon, Assam",26.3313646,92.7524763,104,36300.0,89.7
D483105,"Harda, Madhya Pradesh",22.2427973,77.1179173,104,38700.0,89.7
D963453,"Jharsuguda, Odisha",21.8019368,83.9713964,104,38700.0,89.7
D701545,"Munger, Bihar",25.2202864,86.5161484,104,38700.0,89.7
D965985,"Fatehabad, Haryana",29.5359209,75.5752901,104,38700.0,89.7
D501306,"Uttara Kannada, Karnataka",14.7253795,74.6403389,104,38700.0,89.7
D692292,"Ukhrul, Manipur",25.3121261,94.4754982,104,38700.0,89.7
D681670,"Mokokchung, Nagaland",26.4795861,94.5105275,104,38700.0,89.7
761111,"Ganjam, Odisha",19.6090068,84.7080633,103,37700.0,89.7
425409,"Nandurbar, Maharashtra",21.5141622,74.5405513,103,63500.0,38.3
203001,"Bulandshahr, Uttar Pradesh",28.3874073,77.9743805,103,60100.0,7.2
D167300,"Dhamtari, Chhattisgarh",20.5326259,81.7155987,103,39600.0,89.7
D847522,"Jamtara, Jharkhand",23.9801639,86.9243637,103,40500.0,89.7
D932553,"Kandhamal, Odisha",20.1306939,84.0790476,103,38000.0,89.7
797004,"Kohima, Nagaland",25.7169804,94.0982194,103,43100.0,89.7
D939729,"Thane, Maharashtra",19.3653598,73.3685437,103,37500.0,89.7
D877003,"Shahid Bhagat, Punjab",30.9993627,74.5484257,103,37300.0,89.7
792110,"Lower Dibang Valley, Arunachal Pradesh",28.2149563,95.878774,103,43900.0,89.7
796082,"Kolasib, Mizoram",24.1905469,92.7136595,103,52000.0,89.7
755008,"Jajapur, Odisha",20.9027962,86.1539076,103,37200.0,89.7
793119,"West Khasi Hills, Meghalaya",25.5814429,91.0851094,103,48400.0,89.7
783349,"Dhubri, Assam",26.132275,90.1249962,103,36000.0,89.7
D340613,"Vidisha, Madhya Pradesh",23.8463004,77.8370209,103,39900.0,89.7
D576228,"Washim, Maharashtra",20.2874178,77.2369655,103,35000.0,89.7
D625702,"Hamirpur, Uttar Pradesh",25.75,80.0,103,35500.0,89.7
D734885,"Umaria, Madhya Pradesh",23.6431837,80.9419078,102,38200.0,89.7
781372,"Baksa, Assam",26.6275689,91.3388551,102,35900.0,89.7
782105,"Morigaon, Assam",26.2540561,92.3604704,102,35600.0,89.7
D688159,"Jagatsinghapur, Odisha",20.1801473,86.3414874,102,36900.0,89.7
683541,"Ernakulam, Kerala",10.0383947,76.5074145,102,64400.0,89.7
D415026,"Lakhimpur, Assam",27.1763356,94.1992932,102,42000.0,89.7
695543,"Thiruvananthapuram, Kerala",8.5769705,77.0501246,102,65600.0,89.7
814111,"Pakur, Jharkhand",24.5325908,87.593232,102,38100.0,64.0
495668,"Janjgir - Champa, Chhattisgarh",21.986403,82.5536606,102,37900.0,89.7
421103,Maskal,19.3117913663136,73.23623657226564,102,51500.0,0.0
D335855,"Karimganj, Assam",24.5828196,92.3725487,102,40400.0,89.7
752002,"Puri, Odisha",19.8343066,85.6853295,102,36200.0,89.7
783360,"Kokrajhar, Assam",26.4912104,90.1215209,102,35500.0,89.7
560012,"Bangalore, Karnataka",13.0222347,77.5671832,102,69500.0,100.0
262122,"Pilibhit, Uttar Pradesh",28.4947158,80.1076122,101,41700.0,7.2
530028,"Visakhapatnam, Andhra Pradesh",17.8053222,83.2827677,101,44600.0,89.7
788161,"Hailakandi, Assam",24.5076094,92.6267589,101,35400.0,89.7
D267960,"Simdega, Jharkhand",22.5904573,84.5464805,101,35800.0,89.7
734431,"Darjiling, West Bengal",26.75,88.25,101,34500.0,89.7
D469019,"Sheopur, Madhya Pradesh",25.7499267,76.9212945,101,28200.0,89.7
410005,410005,18.61536080368649,73.75934668499661,101,46700.0,34.1
790116,"West Kameng, Arunachal Pradesh",27.2915853,92.4619174,101,51200.0,89.7
D712176,"Banda, Uttar Pradesh",25.4438537,80.5595237,101,37900.0,89.7
400708,Airoli,19.1553,72.9984,101,40000.0,31.7
307001,"Sirohi, Rajasthan",24.8114047,72.8300257,101,46900.0,89.7
284303,Moth,25.69457380962044,78.94077633439716,100,29300.0,0.0
184121,"Samba, Jammu And Kashmir",32.5759118,75.1203446,100,35000.0,89.7
400001,Fort Mumbai,18.934,72.834,100,65000.0,100.0
770011,"Sundargarh, Odisha",22.0605153,83.9359154,100,35000.0,89.7
180017,"Jammu, Jammu And Kashmir",32.7681864,74.9211318,100,35000.0,89.7
190001,"Srinagar, Jammu And Kashmir",34.1178785,74.9659189,100,35000.0,89.7
D445699,"Hanumangarh, Rajasthan",29.3659533,74.298429,100,34700.0,89.7
643001,"The Nilgiris, Tamil Nadu",11.4,76.7,100,61400.0,89.7
563126,"Kolar, Karnataka",13.1805066,78.2669329,100,33800.0,100.0
143415,"Tarn Taran, Punjab",31.3212453,74.8416687,100,30000.0,35.9
785600,"Sivasagar, Assam",26.993972,94.6203887,100,35000.0,89.7
791001,"West Siang, Arunachal Pradesh",28.1970922,94.48407,100,57400.0,89.7
192129,"Anantnag, Jammu And Kashmir",33.8096849,75.2494527,100,35000.0,89.7
410701,Shill Phata,19.12290070140192,73.07545482808841,100,45400.0,0.0
590001,"Belgaum, Karnataka",15.875829,74.5170393,100,63700.0,98.0
D896586,"Yavatmal, Maharashtra",20.0638677,78.3565663,100,35300.0,89.7
793151,"Jaintia Hills, Meghalaya",25.5,92.25,100,46300.0,89.7
431122,"Bid, Maharashtra",18.9892401,75.7526696,100,68200.0,38.3
795006,"Churachandpur, Manipur",24.3095833,93.675022,100,37300.0,89.7
D727621,"Senapati, Manipur",25.3933697,94.1501773,100,37100.0,89.7
182202,"Doda, Jammu And Kashmir",33.13261,75.5890079,100,35000.0,89.7
D559536,"Raichur, Karnataka",16.0547194,76.9003647,100,37600.0,89.7
782423,"Kamrup Metropolitan, Assam",26.1352638,91.8616706,100,35000.0,89.7
284302,Khadaini,25.726296249253213,79.11738128913815,100,29300.0,0.0
752020,"Khordha, Odisha",20.0538149,85.5023308,100,35000.0,89.7
562104,"Chikkaballapura, Karnataka",13.5897941,77.778793,100,33800.0,100.0
D361537,"Auraiya, Uttar Pradesh",26.6558215,79.5160757,100,39300.0,89.7
140306,"Sahibzada Ajit Singh Nagar, Punjab",30.6488449,76.7412738,99,33300.0,35.9
151209,"Faridkot, Punjab",30.6014507,74.7950176,99,32400.0,35.9
723101,"Puruliya, West Bengal",23.333333,86.416667,99,36000.0,89.7
244001,"Moradabad, Uttar Pradesh",28.8796553,78.8095335,99,39600.0,89.7
443102,"Buldana, Maharashtra",20.8870258,76.2025073,99,43300.0,38.3
582102,"Gadag, Karnataka",15.416692,75.6815801,99,38400.0,98.0
140407,"Fatehgarh Sahib, Punjab",30.6634042,76.3803,99,32400.0,35.9
560066,Brookefield,12.982,77.7212,99,64200.0,68.1
152026,"Muktsar, Punjab",30.4655896,74.5209526,99,33200.0,35.9
754215,"Kendrapara, Odisha",20.5475164,86.5296168,99,35400.0,89.7
282010,Shahganj,27.171737115083523,77.98660384465538,99,22400.0,34.1
122001,"Gurgaon, Haryana",28.4600912,77.0332843,99,76000.0,12.9
151503,"Mansa, Punjab",29.8764133,75.4889564,99,32000.0,35.9
D782578,"Farrukhabad, Uttar Pradesh",27.4362003,79.4894778,98,39800.0,89.7
762014,"Baudh, Odisha",20.8405426,84.3214765,98,36000.0,89.7
D579372,"Rajnandgaon, Chhattisgarh",21.0684425,80.7970779,98,43600.0,89.7
D734014,"Karbi Anglong, Assam",26.0712781,93.4552969,98,37600.0,89.7
D280075,"Mandsaur, Madhya Pradesh",24.2628148,75.385692,98,38600.0,89.7
431806,"Nanded, Maharashtra",19.0942729,77.4832628,98,32600.0,38.3
142001,"Moga, Punjab",30.7877554,75.159359,98,33800.0,35.9
D140377,"Kurukshetra, Haryana",30.0606702,76.7631053,98,33300.0,89.7
D532364,"Agra, Uttar Pradesh",27.0755504,77.8753832,98,27900.0,89.7
458883,"Rajgarh, Madhya Pradesh",23.8716707,76.7744703,98,38500.0,44.8
144208,"Hoshiarpur, Punjab",31.6092942,75.8459754,97,35100.0,35.9
143518,"Gurdaspur, Punjab",31.9037264,75.2275587,97,35500.0,35.9
144001,"Jalandhar, Punjab",31.2922312,75.5678878,97,36300.0,35.9
D573435,"Gumla, Jharkhand",23.1603759,84.4599565,97,34900.0,89.7
D889929,"Damoh, Madhya Pradesh",23.7981005,79.5419356,97,32600.0,89.7
411001,Pune Camp / GPO,18.5196,73.8553,97,47300.0,100.0
385340,"Patan, Gujarat",23.773753,71.6798581,97,54500.0,89.7
152004,"Firozpur, Punjab",30.8753832,74.6525438,97,35300.0,35.9
D121313,"Seoni, Madhya Pradesh",22.2748109,79.7202522,97,38700.0,89.7
465223,"Shajapur, Madhya Pradesh",23.4171002,76.6074794,97,40400.0,44.8
D686330,"Narmada, Gujarat",21.7392624,73.6262458,97,42200.0,89.7
560032,RT Nagar,13.0231,77.5907,97,62000.0,66.3
D857972,"Ganderbal, Jammu And Kashmir",34.2889322,75.0407983,96,34600.0,89.7
481102,"Balaghat, Madhya Pradesh",21.8611589,80.3237105,96,38900.0,44.8
742169,"Murshidabad, West Bengal",24.2904032,88.366432,96,42900.0,89.7
D980667,"Uttar Bastar Kanker, Chhattisgarh",20.1286893,80.98453,96,37200.0,89.7
D959576,"Haveri, Karnataka",14.7180268,75.3656423,96,38900.0,89.7
560083,Shanubhoganahalli,12.832393923205135,77.5713529668816,96,60400.0,81.9
140118,"Rupnagar, Punjab",31.0917102,76.5289701,96,31800.0,35.9
144601,"Kapurthala, Punjab",31.3856476,75.3053304,95,39200.0,35.9
560060,560060,12.945006535817749,77.46365520866972,95,35200.0,5.4
160018,"Chandigarh District, Chandigarh",30.729844,76.7841457,95,76500.0,89.7
621115,"Perambalur, Tamil Nadu",11.2902641,78.9300404,95,35100.0,89.7
586101,"Bagalkot, Karnataka",16.8084044,75.7175058,95,34400.0,98.0
D466715,"Neemuch, Madhya Pradesh",24.6305517,75.1829,95,36900.0,89.7
D988234,"Rajsamand, Rajasthan",25.2892459,73.8241077,95,37500.0,89.7
322024,"Sawai Madhopur, Rajasthan",26.2290186,76.3043561,95,36200.0,89.7
191132,"Badgam, Jammu And Kashmir",34.0016694,74.7936869,95,34400.0,89.7
D697137,"Kaithal, Haryana",29.8536764,76.4684323,94,42600.0,89.7
394710,"The Dangs, Gujarat",20.75,73.75,94,39100.0,89.7
110016,Hauz Khas,28.549,77.2,94,56400.0,100.0
301708,Nangli Balai,28.1455087635578,76.4707946777344,94,30900.0,0.0
242307,"Shahjahanpur, Uttar Pradesh",27.9128583,79.7476254,94,35700.0,7.2
D944990,"Chittaurgarh, Rajasthan",24.5,74.5,94,32200.0,89.7
243001,"Bareilly, Uttar Pradesh",28.4582345,79.4047452,94,34800.0,7.2
743438,"Hugli, West Bengal",22.7483803,88.7425195,94,39600.0,89.7
560004,Rajajinagar,12.9952,77.55,94,57800.0,86.1
301714,Bhojpuri,27.965328583377616,76.4707946777344,94,30700.0,58.0
389175,"Panch Mahals, Gujarat",23.0,74.0,94,49300.0,89.7
D146661,"Rajouri, Jammu And Kashmir",33.2663678,74.343847,94,34700.0,89.7
244221,"Jyotiba Phule Nagar, Uttar Pradesh",28.8650459,78.4696233,94,34100.0,89.7
D408343,"Ramban, Jammu And Kashmir",33.3332892,75.1984763,94,34200.0,89.7
D521581,"Bhadrak, Odisha",20.9854052,86.5934226,94,34300.0,89.7
D417644,"Dungarpur, Rajasthan",23.6723053,73.8166419,94,48800.0,89.7
431005,Osmanpura / Garkheda,19.855,75.332,93,39000.0,27.5
110075,Dwarka,28.5921,77.046,93,59500.0,64.0
400050,Bandra East,19.058,72.843,93,55700.0,100.0
D898467,"Malkangiri, Odisha",18.2744685,81.9520316,93,36700.0,89.7
250002,Lisari,28.96609636803482,77.69943237304688,93,29700.0,15.5
110093,Shahdara/Nand Nagri,28.673,77.289,93,44300.0,37.1
D312499,"Mahendragarh, Haryana",28.1326971,76.1697448,93,48500.0,89.7
D130094,"Paschim Medinipur, West Bengal",22.3600119,87.4111505,93,37100.0,89.7
798621,"Mon, Nagaland",26.666667,95.0,93,32500.0,89.7
241001,"Hardoi, Uttar Pradesh",27.3369978,80.0998232,93,34700.0,7.2
D263669,"Tikamgarh, Madhya Pradesh",24.8552105,79.0472546,92,32800.0,89.7
562127,Pemmanahalli,13.00870984943816,77.3058513019564,92,32900.0,0.0
D680704,"Nuapada, Odisha",20.5412657,82.5292352,92,34100.0,89.7
110009,Model Town,28.7143,77.1908,92,32900.0,40.0
741123,"Nadia, West Bengal",23.4847374,88.5567067,92,40700.0,89.7
500081,Gachibowli,17.4401,78.3489,92,22800.0,25.7
413302,"Solapur, Maharashtra",17.8499067,75.2763203,92,42800.0,38.3
764073,"Nabarangapur, Odisha",19.6096232,82.2987685,91,33600.0,89.7
D344259,"Alirajpur, Madhya Pradesh",22.2859525,74.3545628,91,49100.0,89.7
D306068,"Guna, Madhya Pradesh",24.5001772,77.2600959,91,35400.0,89.7
185101,"Punch, Jammu And Kashmir",33.7670004,74.0957143,91,32000.0,89.7
D370250,"Adilabad, Telangana",19.5457038,78.6086759,91,33100.0,89.7
470001,"Sagar, Madhya Pradesh",23.8083076,78.758254,91,21100.0,44.8
562157,Timmasandra,13.169085434871482,77.58218986498466,91,54400.0,81.9
737139,"South District, Sikkim",27.333333,88.416667,91,53100.0,89.7
560003,Chamrajpet,12.962,77.5632,91,53600.0,91.5
D280374,"Chhatarpur, Madhya Pradesh",24.7606089,79.6781776,90,31900.0,89.7
D819057,"Chandrapur, Maharashtra",20.0967555,79.5045475,90,32900.0,89.7
401209,Waliv,19.410147138312617,72.84795679800064,90,36600.0,3.6
421604,Vasind,19.419219817029763,73.27262198539482,90,36700.0,3.6
560047,Hebbal,13.0358,77.5953,90,53000.0,68.1
440010,Ramdaspeth,21.1392,79.0698,90,33500.0,85.5
D420466,"Dindori, Madhya Pradesh",22.9070871,80.8846924,90,33600.0,89.7
622506,"Pudukkottai, Tamil Nadu",10.2903072,78.8173617,89,33700.0,89.7
731216,"Birbhum, West Bengal",24.0621532,87.6982823,89,47300.0,89.7
D728012,"Gulbarga, Karnataka",17.166667,77.083333,89,33900.0,89.7
421312,Budhavali,19.53183242964237,73.06594848632814,89,36400.0,0.0
323600,Deolimachhiyan,25.24469595130604,75.96019838407484,89,27400.0,58.0
D563785,"Parbhani, Maharashtra",19.2901981,76.6026443,89,34000.0,89.7
328031,"Dhaulpur, Rajasthan",26.6530332,77.6241037,89,32400.0,89.7
560068,Vijayanagar,12.965,77.536,89,52200.0,100.0
400062,Goregaon West,19.1584,72.8494,89,51800.0,31.1
D107542,"Hingoli, Maharashtra",19.5431163,77.1739432,88,28900.0,89.7
110058,Janakpuri,28.6282,77.0847,88,48400.0,28.1
D912916,"Medak, Telangana",17.9375095,78.211745,88,28700.0,89.7
250110,Modipuram,29.05618645812491,77.69943237304688,88,26900.0,9.0
110043,Najafgarh,28.64561631089953,77.01416015625001,88,53100.0,
110029,Kidwai Nagar,28.58281293610369,77.20460647484697,88,53700.0,32.3
533464,"Yanam, Puducherry",16.7385032,82.2106199,88,35800.0,89.7
441804,"Bhandara, Maharashtra",21.1225869,79.794509,88,46500.0,38.3
D806886,"Bidar, Karnataka",18.0207297,77.2487204,88,34100.0,89.7
D179875,"Ashoknagar, Madhya Pradesh",24.6186095,77.8786983,88,32600.0,89.7
735302,"Jalpaiguri, West Bengal",26.6262805,88.7334485,87,44400.0,89.7
325218,"Baran, Rajasthan",24.9208165,76.6821985,87,33100.0,89.7
326039,"Jhalawar, Rajasthan",24.3132368,76.5221078,87,35300.0,89.7
400201,Kopar,19.21651711432706,73.06594848632814,87,35000.0,3.6
416008,Rajarampuri,16.692,74.232,87,30100.0,56.8
410210,410210,19.07230930047477,73.05461883544923,87,34600.0,1.2
201306,Surajpur,28.521494383998657,77.47421264648439,87,67400.0,1.2
201307,Mamura,28.59899156770566,77.36709594726564,87,68300.0,9.6
250004,Hasanpur,28.96609636803482,77.80240348739659,87,26100.0,0.0
502246,Chilepalle,17.799796728535235,77.88757324218751,87,17600.0,0.0
502319,Ramachandrapuram,17.498311614341947,78.2580789370637,87,17600.0,0.6
193502,"Baramula, Jammu And Kashmir",34.566667,74.75,87,30600.0,89.7
733124,"Dakshin Dinajpur, West Bengal",25.385807,88.5063362,87,45400.0,89.7
502345,Nagulpalle,17.664661593400098,77.88757324218751,87,17600.0,0.0
133104,"Ambala, Haryana",30.3435002,76.9493554,87,27400.0,89.7
421503,Manjarli,19.1849219130874,73.26128087289783,87,35100.0,0.0
737101,"East District, Sikkim",27.3338349,88.614658,87,56500.0,89.7
502269,Jagriyal,17.979976908715415,77.88757324218751,87,17600.0,0.0
441807,"Gondiya, Maharashtra",21.1456285,80.2683867,86,46800.0,38.3
323001,"Bundi, Rajasthan",25.4367659,75.7361471,86,25800.0,89.7
201314,Beel Akbarpur,28.5311873745372,77.60847599111814,86,66900.0,0.0
201312,Murshadpur,28.377393970826702,77.53601074218751,86,67000.0,1.2
203202,Bilaspur,28.403780747296384,77.60847599111814,86,67000.0,0.6
737120,"North District, Sikkim",27.666667,88.5,86,55200.0,89.7
561203,Dargajogihalli,13.307713227732052,77.54013061523439,86,29300.0,6.6
243633,"Budaun, Uttar Pradesh",28.116667,78.983333,86,31800.0,7.2
250223,Sakoti,29.19132159326005,77.69943237304688,86,26100.0,0.6
110035,Saraswati Vihar Tehsil,28.683281300854784,77.16191808339161,86,38600.0,31.7
250005,Kithauli,28.96609636803482,77.59646125869716,86,26100.0,0.0
250205,محی الدین پور,28.90239305441441,77.62662079982385,86,26100.0,0.6
201305,Kakrala,28.55135414040336,77.42099761962892,86,66500.0,0.0
502273,Almaipet,17.777274206012713,78.09253414730384,86,17500.0,0.0
201008,201008,28.56282838550213,77.64461617553248,86,66800.0,0.0
562129,Somattanahalli,13.169085434871482,77.76723640454662,85,28500.0,1.2
562110,Shetterahalli,13.259175524961572,77.67471313476564,85,28500.0,1.2
382620,"Gandhinagar, Gujarat",23.2819525,72.6536309,85,25600.0,89.7
460001,"Betul, Madhya Pradesh",21.8797472,77.8753651,85,28400.0,44.8
D501341,"Bikaner, Rajasthan",28.1161617,73.110567,85,26000.0,89.7
D469416,"Amreli, Gujarat",21.4176122,71.249609,85,30400.0,89.7
201102,Rameshwar Park,28.788641512986167,77.30581283569337,85,25700.0,0.0
416001,Kolhapur City Center,16.705,74.2433,85,28700.0,52.6
201001,Ghaziabad,28.66597993573544,77.49257330894815,85,25600.0,3.6
110004,"New Delhi, Delhi",28.6138954,77.2090057,85,36200.0,52.0
362520,"Diu, Daman  & Diu",20.7159534,70.9785005,85,25600.0,89.7
388400,"Anand, Gujarat",22.4739858,72.7361779,85,25600.0,89.7
383315,"Sabar Kantha, Gujarat",23.5,73.25,85,25600.0,89.7
744207,"South Andaman, Andaman &Nicobar",10.7056905,92.4874679,85,25500.0,89.7
562132,Isuvanahalli,13.195100615119442,77.33988244663844,84,28300.0,0.0
412307,412307,18.51994680349436,74.00226575260659,84,35900.0,1.2
124107,Dighal,28.762323624312952,76.66266868624093,84,20500.0,0.0
245101,Hapur,28.740871142809592,77.69943237304688,84,25300.0,0.0
201204,201204,28.853483755422207,77.47649337083975,84,25300.0,0.0
560103,Sarjapur Road,12.9013,77.6791,84,47600.0,40.6
124106,Matenhail,28.556536442585504,76.52213710694525,84,20300.0,0.0
201009,Masuri,28.69270928614202,77.53601074218751,84,25300.0,0.6
D809540,"Nizamabad, Telangana",18.7248422,78.1921833,84,25200.0,89.7
D516565,"Banswara, Rajasthan",23.4915047,74.3502172,84,37700.0,89.7
412110,Bhosari,18.633557892010256,73.88411329370022,84,35900.0,0.0
411025,411025,18.4245859996766,73.75945888889335,83,35800.0,1.2
410505,Gulani,18.858783117235483,73.97918701171876,83,35700.0,0.0
335512,Satipura,29.633503131638,74.29611275870339,83,19500.0,1.2
335526,5 GGR,29.520890519025382,74.52026367187501,83,19400.0,0.0
245301,Dhaulana,28.663966753015973,77.64305270936072,83,24700.0,0.0
412105,Alandi,18.697261205630664,73.91195974099524,83,35900.0,0.0
335525,Ramzanpura,29.45718720540497,74.44705629018843,83,19500.0,0.0
D214617,"Barddhaman, West Bengal",23.25,87.75,83,36000.0,89.7
124102,Gudha,28.615870539671818,76.61006927490236,83,20100.0,0.0
124507,Saulda,28.68003823598684,76.87271118164062,83,19900.0,0.0
124504,Dulhera,28.65365145951716,76.80016168623509,83,19900.0,0.0
412216,412216,18.63261261261261,74.06570357093172,83,35300.0,1.8
201015,Nigrawati Nigrayti,28.71160418031827,77.58925161588506,83,24600.0,0.0
440001,Nagpur Sadar / Civil Lines,21.159,79.087,82,28700.0,43.0
110045,Mahavir Enclave,28.60454052249523,77.08886105243033,82,48200.0,21.5
476355,476355,25.73618786846793,77.10688914587493,82,13000.0,0.0
D529633,"Jhabua, Madhya Pradesh",22.8869652,74.7243249,82,40400.0,89.7
122004,Sector 77,28.36082913811331,77.01322236056504,81,52000.0,0.0
122016,Kapashera,28.525708783283093,77.07293093848189,81,52200.0,1.8
193224,"Kupwara, Jammu And Kashmir",34.5140696,74.191367,81,28800.0,89.7
D815885,"Pratapgarh, Rajasthan",24.0232221,74.6250275,81,32500.0,89.7
122002,Gurgaon City,28.4738,77.034,80,51200.0,26.3
500097,Jillelaguda,17.321995688108927,78.52922011866215,80,18100.0,10.8
123200,Kushal Pura,28.483578046620867,75.750732421875,79,27500.0,0.0
321204,Jot Gaweti,27.661163884338933,77.04107156017042,79,18900.0,0.0
324001,324001,25.15460586121595,75.86059570312501,79,22100.0,10.8
D778644,"Bankura, West Bengal",23.132377,87.2081925,79,32900.0,89.7
585323,"Yadgir, Karnataka",16.5744123,76.9254434,79,30200.0,98.0
D740403,"Shivpuri, Madhya Pradesh",25.3741215,77.8278866,79,23400.0,89.7
123500,Fauladpur,27.991311385811468,76.45308320271185,79,27600.0,0.6
321023,Bhandara,27.72486719795934,77.21481176508378,79,18900.0,0.0
500089,Narsingi,17.385699001729336,78.36806430165755,79,18000.0,7.2
D577760,"Mandla, Madhya Pradesh",22.6871074,80.5816341,79,30100.0,89.7
614101,"Thiruvarur, Tamil Nadu",10.6878621,79.4979437,78,22600.0,89.7
509218,509218,17.284587743508688,78.39010122590004,78,22600.0,0.6
636700,"Dharmapuri, Tamil Nadu",12.1456131,78.1132217,78,22600.0,89.7
325001,Kaithoon,25.18099263768563,75.931025434249,78,21600.0,0.6
629853,"Kanniyakumari, Tamil Nadu",8.3279814,77.3541173,78,22600.0,89.7
500101,Girmapur,17.610924226954562,78.46246719360353,78,17400.0,0.0
623700,"Ramanathapuram, Tamil Nadu",9.5205576,78.5184635,78,22600.0,89.7
501511,Injapur,17.284587743508688,78.58989877409994,78,22700.0,1.2
628001,"Thoothukkudi, Tamil Nadu",8.8003404,78.1333006,78,22600.0,89.7
501505,501505,17.379950294913925,78.63135167595722,78,22600.0,0.0
501359,Mohabat Nagar,17.16047377650411,78.46246719360353,78,22500.0,0.0
604302,"Viluppuram, Tamil Nadu",12.1166967,79.5989236,78,22600.0,89.7
613904,"Thanjavur, Tamil Nadu",10.659037,79.2014278,78,22600.0,89.7
440015,Trimurti Nagar,21.128,79.027,77,26200.0,2.4
416115,Ichalkaranji,16.691,74.46,77,24800.0,15.5
123502,Dohki,28.239842077883804,76.67443978421706,77,26400.0,
501301,Lalanguda,17.498311614341947,78.66685545014336,77,17300.0,0.0
282001,282001,27.10795250959734,78.0665846886099,76,14200.0,1.8
D904225,"Surendranagar, Gujarat",22.8251395,71.6209736,76,29200.0,89.7
476332,476332,25.79989118208833,77.13619737878263,76,11600.0,0.0
282007,Sikandra,27.198123891553205,77.91503906250001,76,14100.0,0.6
D559316,"Bandipore, Jammu And Kashmir",34.4563234,74.6825,76,27000.0,89.7
122011,Sector 59,28.420391085674304,77.1165958765329,76,47600.0,
122052,Industrial Modern Township Manesar,28.35668777205389,76.94172716380226,75,47000.0,
283119,283119,27.012605773210016,77.80797124389846,75,14000.0,0.0
282009,Karaundhana,27.044330487842707,77.98660384465538,75,14100.0,0.0
122506,Sector 97,28.4203051479877,76.8607760162296,75,46800.0,
283105,Mahaur,27.171737115083523,77.84347428034465,75,14100.0,0.0
122505,Sector 95,28.420391085674304,76.91172443596713,75,46800.0,
122102,122102,28.35668777205389,77.08659314869777,75,47200.0,
122051,Gurgaon,28.32496073857172,76.90579868759424,75,46900.0,
400615,Bhayander Pada,19.297534525700005,72.95916572908746,74,27400.0,0.6
251001,Muzaffarnagar,29.47,77.7,74,17500.0,20.9
400607,Kolshet,19.242903890796743,72.99844920418562,74,27600.0,4.2
560035,Electronic City,12.845,77.663,74,39600.0,61.6
110017,Saket / Malviya Nagar,28.524,77.21,74,38500.0,100.0
411072,Bavdhan,18.520945279397644,73.77334637412804,74,27400.0,22.1
D890225,"Baghpat, Uttar Pradesh",29.0374779,77.3062737,73,20500.0,89.7
124022,124022,28.88186954087157,76.43712576918189,73,20500.0,0.0
124401,124401,28.88186954087157,76.74524727769312,73,20600.0,0.0
712306,"Haora, West Bengal",22.75,88.25,73,20700.0,89.7
110006,Chandni Chowk,28.6562,77.23,73,28700.0,99.8
124021,Baliana,28.881957139774222,76.69407411442795,73,20600.0,0.0
110096,110096,28.60266817633609,77.34779895283803,72,30400.0,31.7
560064,Yelahanka,13.1067,77.5955,72,37900.0,52.6
210310,Sector 20,28.467484060916792,77.53601074218751,72,19900.0,4.8
334001,334001,27.94588622176197,73.34472656250001,71,14700.0,0.0
110020,Jhatta,28.467484060916792,77.43352940434907,71,36400.0,86.1
123001,Patikara,28.05174614107476,76.12838745117189,70,14800.0,
323301,323301,25.35730856391865,76.07624183309399,70,12900.0,0.0
121005,Pali,28.41234286410261,77.23937988281251,70,39500.0,0.0
302001,"Jaipur, Rajasthan",26.9784335,75.7122089,70,25700.0,89.7
127201,Sham Kalyan,28.57366813671096,75.85331702079165,70,24000.0,0.0
638656,"Tiruppur, Tamil Nadu",10.7915267,77.5325466,70,31200.0,89.7
281302,Bisawar,27.333259026688346,77.91503906250001,70,15400.0,0.0
123412,Tankri,28.055418673467702,76.4707946777344,70,23400.0,0.0
403103,"South Goa, Goa",15.3376121,73.9937035,70,30200.0,43.0
791120,"Lower Subansiri, Arunachal Pradesh",27.6059753,93.8669707,70,22700.0,89.7
400612,Anjur,19.207444435609915,73.05461883544923,70,25500.0,0.6
121101,Chirsi,28.403780747296384,77.46354549325689,70,39100.0,0.0
176002,"Kangra, Himachal Pradesh",32.0768665,76.2985872,70,19500.0,89.7
560039,Bangarappa Nagara,12.941660539489432,77.52674102783205,69,35900.0,40.6
400068,Powai,19.117,72.905,69,35400.0,64.0
334004,Choudhary Bhimsen Nagar,28.094191920458744,73.27606201171876,69,14200.0,0.0
280001,280001,27.108033801463115,78.01624694801241,69,18800.0,5.4
250101,250101,28.862793314553063,77.23937988281251,68,18600.0,0.0
301401,Silgaon,27.991311385811468,76.59745390666318,68,24300.0,0.0
400063,Malad West,19.186,72.848,68,35100.0,74.7
301407,Mandawar,27.82978947420665,76.52526855468751,68,24300.0,0.0
250400,Mawana,29.07870898064743,77.922371375254,68,18500.0,0.0
245408,Gulavthi,28.580096673529404,77.75788934714228,68,18500.0,0.6
110040,Narela,28.84,77.09,68,21200.0,7.2
301702,Gangapuri,27.99400685907465,76.74224853515626,67,24300.0,0.0
476221,Alapur,26.344099789955827,77.83813476562501,67,11900.0,0.0
301707,Mirchooni,28.08409694916474,76.84436167481472,67,24300.0,0.0
431003,CIDCO Aurangabad,19.902,75.345,67,24400.0,16.7
301704,Adeend,28.11912198708812,76.39860905451226,66,18200.0,0.0
250601,Meetli,28.96639742981878,77.31594085693361,66,18000.0,0.0
285201,Ait,25.90261217548624,79.2632589243779,66,12100.0,0.0
400071,Chembur,19.052,72.9,65,33000.0,84.3
110065,Lajpat Nagar,28.58094828362955,77.25173950195314,64,32000.0,75.9
400097,Malad East,19.1776,72.8681,64,32400.0,72.9
400086,Borivali West,19.234,72.858,64,32700.0,66.3
400070,Ghatkopar,19.074,72.907,63,31800.0,90.9
110047,Dera,28.45805607562956,77.16191808339161,63,34100.0,0.6
400080,Mulund West,19.168,72.951,62,31500.0,79.5
560057,560057,13.0460477,77.5131117,62,31500.0,24.5
334005,Ganesh Vihar,28.00958953538238,73.27261427855751,61,16500.0,0.0
333029,Kasni,28.34844291148573,75.750732421875,61,16400.0,0.0
400074,Chembur East,19.0488,72.9302,61,30600.0,77.1
110041,Mundka,28.693560896242165,77.02914354701153,61,29500.0,1.2
422003,Panchavati,20.0176,73.791,61,13900.0,20.3
431605,Nanded CIDCO / Taroda,19.12,77.295,60,11600.0,1.2
135103,"Yamunanagar, Haryana",30.2158611,77.3256507,60,17800.0,89.7
110073,Rawata Mor,28.60266817633609,76.90299450419325,60,32000.0,1.2
331305,Gudan,28.461055524098345,75.52863025012786,60,15300.0,0.0
561201,Matta,12.88130322219734,77.3058513019564,60,17600.0,0.0
562120,Belagavadi,12.832393923205135,77.17107867374342,59,17500.0,0.0
560063,Akash Ward,13.105382121251072,77.60928930328595,59,29900.0,26.9
123110,Devlavas,28.1761387642634,76.60217285156251,59,12500.0,
444906,Warud,21.46,78.276,58,11300.0,14.3
413304,Pandharpur,17.6792,75.3316,58,11900.0,12.0
141001,Ludhiana City,30.9,75.85,58,18600.0,35.9
560097,Singapura,13.082488002506828,77.54013061523439,57,29000.0,20.3
201303,Hazipur,28.534866970958088,77.34844207763672,56,15000.0,1.8
562149,Bande Kodigehalli,13.169085434871482,77.67471313476564,54,27500.0,3.0
560049,Jyotipura,13.105382121251072,77.74013696624533,54,27400.0,1.8
560074,Kaniminike,12.88130322219734,77.43658033866863,54,27300.0,3.6
401301,Kaman,19.31849186131494,72.90527343750001,51,15100.0,0.0
110032,Vivek Vihar,28.6724,77.3078,47,19100.0,34.1
110085,Rohini,28.7495,77.0737,47,19200.0,63.4
136118,Chander Bhanpur,29.935895213372444,76.87683105468751,46,11800.0,0.0
131023,Sewli,28.94050601417393,77.12539672851564,45,11700.0,0.0
360001,360001,22.332467352694376,70.7929789507673,42,13700.0,1.2
D367866,"North, Delhi",28.7063083,77.1087892,40,800.0,89.7
D395541,"North West, Delhi",28.7063083,77.1087892,40,700.0,89.7
400702,Uran,18.868041410864485,72.90527343750001,40,12700.0,0.0
