pincode,name,district,state_code,state_name,district_pop_lakh
110001,Connaught Place,Central Delhi,DL,Delhi,5.82
110003,Golf Links / Lodhi,South Delhi,DL,Delhi,27.34
110006,Chandni Chowk,Central Delhi,DL,Delhi,5.82
110009,Model Town,North Delhi,DL,Delhi,8.87
110016,Hauz Khas,South Delhi,DL,Delhi,27.34
110017,Saket / Malviya Nagar,South Delhi,DL,Delhi,27.34
110021,Chanakyapuri,South West Delhi,DL,Delhi,28.1
110024,Defence Colony / Lajpat,South Delhi,DL,Delhi,27.34
110026,Punjabi Bagh,West Delhi,DL,Delhi,25.48
110032,Vivek Vihar,East Delhi,DL,Delhi,17.0
110034,Pitampura,North West Delhi,DL,Delhi,36.56
110040,Narela,North Delhi,DL,Delhi,8.87
110048,Greater Kailash,South Delhi,DL,Delhi,27.34
110057,Vasant Vihar,South West Delhi,DL,Delhi,28.1
110058,Janakpuri,West Delhi,DL,Delhi,25.48
110059,Uttam Nagar,West Delhi,DL,Delhi,25.48
110070,Vasant Kunj,South West Delhi,DL,Delhi,28.1
110075,Dwarka,South West Delhi,DL,Delhi,28.1
110085,Rohini,North West Delhi,DL,Delhi,36.56
110091,Mayur Vihar Phase 1,East Delhi,DL,Delhi,17.0
110092,Preet Vihar,East Delhi,DL,Delhi,17.0
110093,Shahdara / Nand Nagri,Shahdara,DL,Delhi,17.37
122002,Gurgaon City,Gurugram,HR,Haryana,15.14
122022,Gurgaon Golf Course Rd,Gurugram,HR,Haryana,15.14
201301,Noida Sec 18-27,Gautam Buddha Nagar,UP,Uttar Pradesh,16.48
400001,Fort Mumbai,Mumbai City,MH,Maharashtra,31.45
400005,Colaba,Mumbai City,MH,Maharashtra,31.45
400006,Malabar Hill,Mumbai City,MH,Maharashtra,31.45
400013,Lower Parel,Mumbai Suburban,MH,Maharashtra,94.36
400018,Worli,Mumbai Suburban,MH,Maharashtra,94.36
400021,Cuffe Parade,Mumbai City,MH,Maharashtra,31.45
400028,Dadar West,Mumbai Suburban,MH,Maharashtra,94.36
400049,Bandra West,Mumbai Suburban,MH,Maharashtra,94.36
400050,Bandra East,Mumbai Suburban,MH,Maharashtra,94.36
400051,Khar West,Mumbai Suburban,MH,Maharashtra,94.36
400053,Santacruz West,Mumbai Suburban,MH,Maharashtra,94.36
400054,Vile Parle West,Mumbai Suburban,MH,Maharashtra,94.36
400059,Andheri West,Mumbai Suburban,MH,Maharashtra,94.36
400060,Juhu,Mumbai Suburban,MH,Maharashtra,94.36
400062,Goregaon West,Mumbai Suburban,MH,Maharashtra,94.36
400063,Malad West,Mumbai Suburban,MH,Maharashtra,94.36
400068,Powai,Mumbai Suburban,MH,Maharashtra,94.36
400070,Ghatkopar,Mumbai Suburban,MH,Maharashtra,94.36
400071,Chembur,Mumbai Suburban,MH,Maharashtra,94.36
400074,Chembur East,Mumbai Suburban,MH,Maharashtra,94.36
400080,Mulund West,Mumbai Suburban,MH,Maharashtra,94.36
400086,Borivali West,Mumbai Suburban,MH,Maharashtra,94.36
400097,Malad East,Mumbai Suburban,MH,Maharashtra,94.36
400614,Vashi,Thane,MH,Maharashtra,110.6
400708,Airoli,Thane,MH,Maharashtra,110.6
560001,MG Road / Cubbon Pk,Bengaluru Urban,KA,Karnataka,96.21
560002,Shivajinagar,Bengaluru Urban,KA,Karnataka,96.21
560003,Chamrajpet,Bengaluru Urban,KA,Karnataka,96.21
560004,Rajajinagar,Bengaluru Urban,KA,Karnataka,96.21
560008,Ulsoor,Bengaluru Urban,KA,Karnataka,96.21
560011,Jayanagar,Bengaluru Urban,KA,Karnataka,96.21
560017,HSR Layout,Bengaluru Urban,KA,Karnataka,96.21
560025,Indiranagar,Bengaluru Urban,KA,Karnataka,96.21
560027,Koramangala,Bengaluru Urban,KA,Karnataka,96.21
560029,Basavanagudi,Bengaluru Urban,KA,Karnataka,96.21
560032,RT Nagar,Bengaluru Urban,KA,Karnataka,96.21
560034,Whitefield,Bengaluru Urban,KA,Karnataka,96.21
560035,Electronic City,Bengaluru Urban,KA,Karnataka,96.21
560037,Marathahalli,Bengaluru Urban,KA,Karnataka,96.21
560047,Hebbal,Bengaluru Urban,KA,Karnataka,96.21
560064,Yelahanka,Bengaluru Urban,KA,Karnataka,96.21
560066,Brookefield,Bengaluru Urban,KA,Karnataka,96.21
560068,Vijayanagar,Bengaluru Urban,KA,Karnataka,96.21
560076,Malleshwaram,Bengaluru Urban,KA,Karnataka,96.21
560078,JP Nagar,Bengaluru Urban,KA,Karnataka,96.21
560085,Banashankari,Bengaluru Urban,KA,Karnataka,96.21
560099,Bellandur,Bengaluru Urban,KA,Karnataka,96.21
560103,Sarjapur Road,Bengaluru Urban,KA,Karnataka,96.21
141001,Ludhiana City,Ludhiana (West) Tahsil,PB,Punjab,10.0
410500,Chakan,Khed,MH,Maharashtra,10.0
412216,412216,Haveli Subdistrict,MH,Maharashtra,10.0
411001,Pune Camp / GPO,Pune,MH,Maharashtra,94.29
411004,Deccan Gymkhana,Pune,MH,Maharashtra,94.29
411014,Kalyani Nagar,Pune,MH,Maharashtra,94.29
440001,Nagpur Sadar / Civil Lines,Nagpur,MH,Maharashtra,46.54
440010,Ramdaspeth,Nagpur,MH,Maharashtra,46.54
440015,Trimurti Nagar,Nagpur,MH,Maharashtra,46.54
422009,College Road / Gangapur Road,Nashik,MH,Maharashtra,61.07
422001,Nashik City Center,Nashik,MH,Maharashtra,61.07
422003,Panchavati,Nashik,MH,Maharashtra,61.07
431001,Aurangabad City Center (Kranti Chowk),Chhatrapati Sambhajinagar,MH,Maharashtra,37.01
431005,Osmanpura / Garkheda,Chhatrapati Sambhajinagar,MH,Maharashtra,37.01
431003,CIDCO Aurangabad,Chhatrapati Sambhajinagar,MH,Maharashtra,37.01
416001,Kolhapur City Center,Kolhapur,MH,Maharashtra,38.76
416008,Rajarampuri,Kolhapur,MH,Maharashtra,38.76
416115,Ichalkaranji,Kolhapur,MH,Maharashtra,38.76
413001,Solapur City Center,Solapur,MH,Maharashtra,43.18
413002,Solapur Railway Lines,Solapur,MH,Maharashtra,43.18
413304,Pandharpur,Solapur,MH,Maharashtra,43.18
444601,Amravati City Center,Amravati,MH,Maharashtra,28.88
444602,Amravati Camp,Amravati,MH,Maharashtra,28.88
444906,Warud,Amravati,MH,Maharashtra,28.88
431601,Nanded Vazirabad,Nanded,MH,Maharashtra,33.57
431605,Nanded CIDCO / Taroda,Nanded,MH,Maharashtra,33.57
431602,Nanded Shivaji Nagar,Nanded,MH,Maharashtra,33.57
123412,Tankri,Bawal,HR,Haryana,10.0
123106,Dharuhera,Rewari,HR,Haryana,10.0
301705,Kanhawas,Neemrana Tehsil,RJ,Rajasthan,10.0
301704,Adeend,Neemrana Tehsil,RJ,Rajasthan,10.0
123501,Bawal,Bawal,HR,Haryana,10.0
301708,Nangli Balai,Neemrana Tehsil,RJ,Rajasthan,10.0
201303,Hazipur,Dadri,UP,Uttar Pradesh,10.0
301714,Bhojpuri,Mandawar Tehsil,RJ,Rajasthan,10.0
400201,Kopar,Kalyan Subdistrict,MH,Maharashtra,10.0
400603,Veer Sawarkar Nagar,Thane Subdistrict,MH,Maharashtra,10.0
400605,Reti Bandar,Thane Subdistrict,MH,Maharashtra,10.0
400607,Kolshet,Thane Subdistrict,MH,Maharashtra,10.0
400612,Anjur,Bhiwandi Subdistrict,MH,Maharashtra,10.0
400615,Bhayander Pada,Thane Subdistrict,MH,Maharashtra,10.0
401209,Waliv,Vasai Subdistrict,MH,Maharashtra,10.0
410210,410210,Panvel Subdistrict,MH,Maharashtra,10.0
421302,Khoni,Bhiwandi Subdistrict,MH,Maharashtra,10.0
421312,Budhavali,Wada Subdistrict,MH,Maharashtra,10.0
421503,Manjarli,Ambernath Subdistrict,MH,Maharashtra,10.0
421604,Vasind,Shahapur Subdistrict,MH,Maharashtra,10.0
123502,Dohki,Rewari,HR,Haryana,10.0
123110,Devlavas,Rewari,HR,Haryana,10.0
301713,Nimbhor (Nimhor),Kotputli-Behror,RJ,Rajasthan,10.0
301020,301020,Mandawar Tehsil,RJ,Rajasthan,10.0
123023,123023,Kotpuli Tehsil,HR,Haryana,10.0
123001,Patikara,Narnaul,HR,Haryana,10.0
301709,Behror Tehsil,Kotputli-Behror,RJ,Rajasthan,10.0
333036,333036,Khetri Tehsil,RJ,Rajasthan,10.0
332746,Dhani Sihodiyan,Buhana Tehsil,RJ,Rajasthan,10.0
303108,Jagdishpura,Kotpuli Tehsil,RJ,Rajasthan,10.0
360001,360001,Rajkot East Taluka,GJ,Gujarat,10.0
421201,Dombivli East,Kalyan Subdistrict,MH,Maharashtra,10.0
201314,Beel Akbarpur,Dadri,UP,Uttar Pradesh,10.0
201312,Murshadpur,Gautam Buddha Nagar,UP,Uttar Pradesh,10.0
210310,Sector 20,Gautam Buddha Nagar,UP,Uttar Pradesh,10.0
201306,Surajpur,Gautam Buddha Nagar,UP,Uttar Pradesh,10.0
121101,Chirsi,Faridabad,HR,Haryana,10.0
201001,Ghaziabad,Ghaziabad,UP,Uttar Pradesh,10.0
201308,Knowledge Park III,Gautam Buddha Nagar,UP,Uttar Pradesh,10.0
203207,203207,Dadri,UP,Uttar Pradesh,10.0
245408,Gulavthi,Bulandshahr,UP,Uttar Pradesh,10.0
201003,201003,Ghaziabad,UP,Uttar Pradesh,10.0
203202,Bilaspur,Gautam Buddha Nagar,UP,Uttar Pradesh,10.0
203205,Sanwli,Sikandrabad,UP,Uttar Pradesh,10.0
110020,Jhatta,Dadri,DL,Delhi,10.0
201009,Masuri,Ghaziabad,UP,Uttar Pradesh,10.0
201008,201008,Dadri,UP,Uttar Pradesh,10.0
121004,Sector 57,Faridabad,HR,Haryana,10.0
335526,5 GGR,Tibi Tehsil,RJ,Rajasthan,10.0
335525,Ramzanpura,Tibi Tehsil,RJ,Rajasthan,10.0
335512,Satipura,Hanumangarh Tehsil,RJ,Rajasthan,10.0
282007,Sikandra,Agra,UP,Uttar Pradesh,10.0
283105,Mahaur,Kiraoli,UP,Uttar Pradesh,10.0
282010,Shahganj,Agra,UP,Uttar Pradesh,10.0
280001,280001,Agra,UP,Uttar Pradesh,10.0
281302,Bisawar,Sadabad,UP,Uttar Pradesh,10.0
282009,Karaundhana,Fatehabad,UP,Uttar Pradesh,10.0
283122,Kiraoli,Kiraoli,UP,Uttar Pradesh,10.0
283119,283119,Kheragarh,UP,Uttar Pradesh,10.0
402004,Balkeshwar,Agra,MH,Maharashtra,10.0
283125,Shamsabad,Fatehabad,UP,Uttar Pradesh,10.0
283202,Etmadpur,Agra,UP,Uttar Pradesh,10.0
282001,282001,Agra,UP,Uttar Pradesh,10.0
123500,Fauladpur,Neemrana Tehsil,HR,Haryana,10.0
301401,Silgaon,Mandawar Tehsil,RJ,Rajasthan,10.0
301407,Mandawar,Mandawar Tehsil,RJ,Rajasthan,10.0
124001,Tilak Nagar,Rohtak,HR,Haryana,10.0
124021,Baliana,Sampla,HR,Haryana,10.0
124029,Baland,Rohtak,HR,Haryana,10.0
124401,124401,Sampla,HR,Haryana,10.0
124022,124022,Maham,HR,Haryana,10.0
124505,Loharheri,Bahadurgarh,HR,Haryana,10.0
124514,Titoli,Lakhan Majra,HR,Haryana,10.0
124107,Dighal,Beri,HR,Haryana,10.0
301707,Mirchooni,Tijara Tehsil,RJ,Rajasthan,10.0
301702,Gangapuri,Kotkasim Tehsil,RJ,Rajasthan,10.0
123200,Kushal Pura,Loharu,HR,Haryana,10.0
127201,Sham Kalyan,Badhra,HR,Haryana,10.0
123308,Badhra,Badhra,HR,Haryana,10.0
333029,Kasni,Surajgarh Tehsil,RJ,Rajasthan,10.0
331305,Gudan,Rajgarh Tehsil,RJ,Rajasthan,10.0
124010,Sunari Khurd,Rohtak,HR,Haryana,10.0
136118,Chander Bhanpur,Thanesar,HP,Himachal Pradesh,10.0
284303,Moth,Moth,UP,Uttar Pradesh,10.0
476221,Alapur,Joura Tahsil,MP,Madhya Pradesh,10.0
284306,Poonch,Moth,UP,Uttar Pradesh,10.0
284302,Khadaini,Garautha,UP,Uttar Pradesh,10.0
285201,Ait,Orai,UP,Uttar Pradesh,10.0
323601,Ishwarnagar,Keshoraipatan Tehsil,RJ,Rajasthan,10.0
324001,324001,Ladpura Tehsil,RJ,Rajasthan,10.0
325001,Kaithoon,Ladpura Tehsil,RJ,Rajasthan,10.0
323301,323301,Keshoraipatan Tehsil,RJ,Rajasthan,10.0
323600,Deolimachhiyan,Ladpura Tehsil,RJ,Rajasthan,10.0
124106,Matenhail,Matenhail,HR,Haryana,10.0
201102,Rameshwar Park,Ghaziabad,UP,Uttar Pradesh,10.0
250101,250101,Khekada,UP,Uttar Pradesh,10.0
121005,Pali,Faridabad,HR,Haryana,10.0
500081,Gachibowli,Bahadurpura mandal,TS,Telangana,10.0
321023,Bhandara,Kaman Tehsil,RJ,Rajasthan,10.0
321204,Jot Gaweti,Pahari Tehsil,RJ,Rajasthan,10.0
334001,334001,Bikaner Tehsil,RJ,Rajasthan,10.0
321024,Chandoopura,Pahari Tehsil,RJ,Rajasthan,10.0
334005,Ganesh Vihar,Bikaner Tehsil,RJ,Rajasthan,10.0
122508,122508,Punahana,HR,Haryana,10.0
334401,Udai Ramsar,Bikaner Tehsil,RJ,Rajasthan,10.0
334402,Palana,Bikaner Tehsil,RJ,Rajasthan,10.0
334004,Choudhary Bhimsen Nagar,Bikaner Tehsil,RJ,Rajasthan,10.0
560057,560057,Yelahanka taluku,KA,Karnataka,10.0
412105,Alandi,Khed,MH,Maharashtra,10.0
412307,412307,Haveli Subdistrict,MH,Maharashtra,10.0
411025,411025,Haveli Subdistrict,MH,Maharashtra,10.0
410005,410005,Mulshi Subdistrict,MH,Maharashtra,10.0
412110,Bhosari,Haveli Subdistrict,MH,Maharashtra,10.0
412308,412308,Haveli Subdistrict,MH,Maharashtra,10.0
410505,Gulani,Khed,MH,Maharashtra,10.0
411072,Bavdhan,Pune City Subdistrict,MH,Maharashtra,10.0
250002,Lisari,Meerut,UP,Uttar Pradesh,10.0
250004,Hasanpur,Meerut,UP,Uttar Pradesh,10.0
250205,محی الدین پور,Meerut,UP,Uttar Pradesh,10.0
250223,Sakoti,Sardhana,UP,Uttar Pradesh,10.0
250005,Kithauli,Meerut,UP,Uttar Pradesh,10.0
250400,Mawana,Mawana,UP,Uttar Pradesh,10.0
245101,Hapur,Hapur,UP,Uttar Pradesh,10.0
250110,Modipuram,Sardhana,UP,Uttar Pradesh,10.0
201204,201204,Modinagar,UP,Uttar Pradesh,10.0
201305,Kakrala,Dadri,UP,Uttar Pradesh,10.0
245301,Dhaulana,Dhaulana,UP,Uttar Pradesh,10.0
250601,Meetli,Baghpat,UP,Uttar Pradesh,10.0
476335,476335,Beerpur Tahsil,MP,Madhya Pradesh,10.0
476355,476355,Karahal Tahsil,MP,Madhya Pradesh,10.0
476332,476332,Vijaypur Tahsil,MP,Madhya Pradesh,10.0
562149,Bande Kodigehalli,Yelahanka taluku,KA,Karnataka,10.0
560039,Bangarappa Nagara,Bangalore North,KA,Karnataka,10.0
560063,Akash Ward,Yelahanka taluku,KA,Karnataka,10.0
560097,Singapura,Yelahanka taluku,KA,Karnataka,10.0
562157,Timmasandra,Yelahanka taluku,KA,Karnataka,10.0
561203,Dargajogihalli,Doddaballapura taluk,KA,Karnataka,10.0
562110,Shetterahalli,Devanahalli taluku,KA,Karnataka,10.0
562129,Somattanahalli,Devanahalli taluku,KA,Karnataka,10.0
560049,Jyotipura,Bangalore East,KA,Karnataka,10.0
562132,Isuvanahalli,Nelamangala taluk,KA,Karnataka,10.0
560074,Kaniminike,Bangalore South,KA,Karnataka,10.0
562127,Pemmanahalli,Magadi taluku,KA,Karnataka,10.0
560060,560060,Bangalore South,KA,Karnataka,10.0
561201,Matta,Magadi taluku,KA,Karnataka,10.0
562120,Belagavadi,Magadi taluku,KA,Karnataka,10.0
562123,Manchenahalli,Nelamangala taluk,KA,Karnataka,10.0
562109,Muttarayanagudipalya,Ramanagara taluk,KA,Karnataka,10.0
560083,Shanubhoganahalli,Anekal,KA,Karnataka,10.0
501511,Injapur,Ranga Reddy,TS,Telangana,10.0
509218,509218,Ranga Reddy,TS,Telangana,10.0
500005,Pahadi Sharif,Balapur mandal,TS,Telangana,10.0
501505,501505,Ranga Reddy,TS,Telangana,10.0
500089,Narsingi,Gandipet mandal,TS,Telangana,10.0
800081,Ward 107 Madhapur,Bahadurpura mandal,BR,Bihar,10.0
500097,Jillelaguda,Balapur mandal,TS,Telangana,10.0
501301,Lalanguda,Keesara mandal,TS,Telangana,10.0
502319,Ramachandrapuram,Ramachandrapuram mandal,TS,Telangana,10.0
501359,Mohabat Nagar,Maheswaram mandal,TS,Telangana,10.0
500101,Girmapur,Medchal mandal,TS,Telangana,10.0
501512,Umerkhanguda,Ranga Reddy,TS,Telangana,10.0
124507,Saulda,Bahadurgarh,HR,Haryana,10.0
124504,Dulhera,Bahadurgarh,HR,Haryana,10.0
201307,Mamura,Dadri,UP,Uttar Pradesh,10.0
201015,Nigrawati Nigrayti,Ghaziabad,UP,Uttar Pradesh,10.0
110088,Shalimar Bagh,Old Delhi,DL,Delhi,10.0
110029,Kidwai Nagar,New Delhi,DL,Delhi,10.0
123411,Kanwali,Rewari,HR,Haryana,10.0
502269,Jagriyal,Regode mandal,TS,Telangana,10.0
502246,Chilepalle,Munipally mandal,TS,Telangana,10.0
502257,Indur,Raikode mandal,TS,Telangana,10.0
502273,Almaipet,Andole mandal,TS,Telangana,10.0
502345,Nagulpalle,Sadasivpet mandal,TS,Telangana,10.0
122016,Kapashera,Old Delhi,HR,Haryana,10.0
131023,Sewli,Sonipat,HP,Himachal Pradesh,10.0
110096,110096,Dadri,DL,Delhi,10.0
110073,Rawata Mor,Old Delhi,DL,Delhi,10.0
124102,Gudha,Jhajjar,HR,Haryana,10.0
400027,Darukhana,Mumbai Suburban District,MH,Maharashtra,10.0
410221,Somatne,Panvel Subdistrict,MH,Maharashtra,10.0
410208,Valap,Panvel Subdistrict,MH,Maharashtra,10.0
400010,Haji Malangwadi,Mumbai City District,MH,Maharashtra,10.0
410701,Shill Phata,Thane Subdistrict,MH,Maharashtra,10.0
421103,Maskal,Kalyan Subdistrict,MH,Maharashtra,10.0
421100,Padagha,Bhiwandi Subdistrict,MH,Maharashtra,10.0
410200,Kundevahal,Panvel Subdistrict,MH,Maharashtra,10.0
410102,Prabalgad Machi,Khalapur Taluka,MH,Maharashtra,10.0
421003,Vitthalwadi,Ulhasnagar Subdistrict,MH,Maharashtra,10.0
421102,Ambivali,Kalyan Subdistrict,MH,Maharashtra,10.0
391400,Padra,Padra Taluka,GJ,Gujarat,10.0
300101,Nagla Samawadi,Alwar Tehsil,RJ,Rajasthan,10.0
303122,Keriya Ka Bas,Sanganer Tehsil,RJ,Rajasthan,10.0
713366,Barabani,Barabani,WB,West Bengal,10.0
713200,713200,Faridpur Durgapur,WB,West Bengal,10.0
713331,Chittaranjan,Salanpur,WB,West Bengal,10.0
562105,562105,Sidlaghatta taluk,KA,Karnataka,10.0
562102,Bhaktarahalli,Sidlaghatta taluk,KA,Karnataka,10.0
563102,Madhava Gurjena Halli,Kolar taluk,KA,Karnataka,10.0
560052,Vasanth Nagar,Bangalore North,KA,Karnataka,10.0
560117,Bisanahalli,Hosakote taluk,KA,Karnataka,10.0
571483,Maragonahalli,Krishnarajapete taluk,KA,Karnataka,10.0
575211,Mallenahalli,Hole Narasipura taluk,KA,Karnataka,10.0
