pincode,per_capita_income_karnataka
560001,544106.8
560002,544106.8
560003,544106.8
560004,544106.8
560005,544106.8
560006,544106.8
560007,544106.8
560008,544106.8
560009,544106.8
560010,544106.8
560011,544106.8
560012,544106.8
560013,544106.8
560014,544106.8
560015,544106.8
560016,544106.8
560017,544106.8
560018,544106.8
560019,544106.8
560020,544106.8
560021,544106.8
560022,544106.8
560023,544106.8
560024,544106.8
560025,544106.8
560026,544106.8
560027,544106.8
560029,544106.8
560030,544106.8
560032,544106.8
560033,544106.8
560034,544106.8
560035,544106.8
560036,544106.8
560037,544106.8
560038,544106.8
560039,544106.8
560040,544106.8
560041,544106.8
560042,544106.8
560043,544106.8
560045,544106.8
560046,544106.8
560047,544106.8
560048,544106.8
560049,544106.8
560050,544106.8
560051,544106.8
560053,544106.8
560054,544106.8
560055,544106.8
560056,544106.8
560057,544106.8
560058,544106.8
560059,544106.8
560060,208023.25
560061,544106.8
560062,544106.8
560063,544106.8
560064,544106.8
560065,544106.8
560066,544106.8
560067,544106.8
560068,544106.8
560070,544106.8
560071,544106.8
560072,544106.8
560073,544106.8
560074,544106.8
560075,544106.8
560076,544106.8
560077,544106.8
560078,544106.8
560079,544106.8
560080,544106.8
560081,544106.8
560082,208023.25
560083,544106.8
560084,544106.8
560085,544106.8
560086,544106.8
560087,544106.8
560088,208023.25
560089,208023.25
560090,208023.25
560091,544106.8
560092,544106.8
560093,544106.8
560094,544106.8
560095,544106.8
560096,544106.8
560097,544106.8
560098,544106.8
560099,544106.8
560100,544106.8
560102,544106.8
560103,544106.8
560104,544106.8
560105,544106.8
560107,208023.25
560108,544106.8
560109,544106.8
560110,544106.8
560112,544106.8
560300,544106.8
561101,208023.25
561201,195631.75
561202,183371.88888888888
561203,208023.25
561204,208023.25
561205,208023.25
561206,121664.75
561207,121664.75
561208,121664.75
561209,121664.75
561210,149820.2
561211,149820.2
561212,121664.75
561213,149820.2
561228,149820.2
562101,121664.75
562102,121664.75
562103,149820.2
562104,149820.2
562105,121664.75
562106,544106.8
562107,544106.8
562108,195631.75
562109,195631.75
562110,208023.25
562111,208023.25
562112,195631.75
562114,208023.25
562117,195631.75
562119,195631.75
562120,195631.75
562121,195631.75
562122,208023.25
562123,208023.25
562125,544106.8
562126,195631.75
562127,208023.25
562128,195631.75
562129,208023.25
562130,544106.8
562131,208023.25
562132,208023.25
562135,208023.25
562138,195631.75
562149,544106.8
562157,544106.8
562159,195631.75
562160,195631.75
562161,195631.75
562162,208023.25
562163,208023.25
562164,208023.25
563101,149820.2
563102,149820.2
563103,149820.2
563113,149820.2
563114,149820.2
563115,149820.2
563116,149820.2
563117,149820.2
563118,149820.2
563119,149820.2
563120,149820.2
563121,149820.2
563122,149820.2
563123,149820.2
563124,121664.75
563125,149820.2
563126,149820.2
563127,149820.2
563128,149820.2
563129,149820.2
563130,149820.2
563131,149820.2
563132,149820.2
563133,149820.2
563134,149820.2
563135,149820.2
563136,149820.2
563137,149820.2
563138,149820.2
563139,149820.2
563146,149820.2
563159,121664.75
563160,149820.2
563161,149820.2
563162,149820.2
570001,131098.5
570002,131098.5
570003,131098.5
570004,131098.5
570005,131098.5
570006,131098.5
570007,131098.5
570008,131098.5
570009,131098.5
570010,131098.5
570011,131098.5
570012,131098.5
570014,131098.5
570015,131098.5
570016,131098.5
570017,131098.5
570018,131098.5
570019,131098.5
570020,131098.5
570022,131098.5
570023,131098.5
570025,131098.5
570026,131098.5
570027,131098.5
570028,131098.5
570029,131098.5
570030,131098.5
570031,131098.5
571101,131098.5
571102,131098.5
571103,131098.5
571104,131098.5
571105,131098.5
571106,131098.5
571107,131098.5
571108,131098.5
571109,572980.0
571110,131098.5
571111,572980.0
571114,131098.5
571115,572980.0
571116,131098.5
571117,572980.0
571118,131098.5
571119,131098.5
571120,131098.5
571121,131098.5
571122,131098.5
571123,572980.0
571124,131098.5
571125,131098.5
571126,572980.0
571127,572980.0
571128,572980.0
571129,131098.5
571130,131098.5
571134,131098.5
571187,131098.5
571189,131098.5
571201,182076.25
571211,182076.25
571212,182076.25
571213,182076.25
571214,182076.25
571215,182076.25
571216,182076.25
571217,182076.25
571218,182076.25
571219,182076.25
571231,182076.25
571232,182076.25
571234,182076.25
571235,182076.25
571236,182076.25
571237,182076.25
571247,182076.25
571248,182076.25
571249,182076.25
571250,182076.25
571251,182076.25
571252,182076.25
571253,182076.25
571254,182076.25
571301,131098.5
571302,131098.5
571311,131098.5
571312,131098.5
571313,572980.0
571314,131098.5
571315,131098.5
571316,572980.0
571320,572980.0
571342,572980.0
571401,203335.42857142858
571402,203335.42857142858
571403,203335.42857142858
571404,203335.42857142858
571405,203335.42857142858
571415,203335.42857142858
571416,203335.42857142858
571417,203335.42857142858
571418,203335.42857142858
571419,203335.42857142858
571421,203335.42857142858
571422,203335.42857142858
571423,203335.42857142858
571424,203335.42857142858
571425,203335.42857142858
571426,203335.42857142858
571427,203335.42857142858
571428,203335.42857142858
571429,203335.42857142858
571430,203335.42857142858
571431,203335.42857142858
571432,203335.42857142858
571433,203335.42857142858
571434,203335.42857142858
571435,203335.42857142858
571436,203335.42857142858
571438,203335.42857142858
571439,572980.0
571440,572980.0
571441,572980.0
571442,572980.0
571443,572980.0
571444,572980.0
571445,203335.42857142858
571446,203335.42857142858
571448,203335.42857142858
571450,203335.42857142858
571455,203335.42857142858
571457,572980.0
571463,203335.42857142858
571475,203335.42857142858
571476,203335.42857142858
571477,203335.42857142858
571478,203335.42857142858
571490,572980.0
571601,131098.5
571602,131098.5
571603,131098.5
571604,131098.5
571605,203335.42857142858
571606,203335.42857142858
571607,203335.42857142858
571610,131098.5
571617,131098.5
571802,203335.42857142858
571807,203335.42857142858
571811,203335.42857142858
571812,203335.42857142858
572101,183371.88888888888
572102,183371.88888888888
572103,183371.88888888888
572104,183371.88888888888
572105,183371.88888888888
572106,183371.88888888888
572107,183371.88888888888
572111,183371.88888888888
572112,183371.88888888888
572113,183371.88888888888
572114,183371.88888888888
572115,183371.88888888888
572116,183371.88888888888
572117,183371.88888888888
572118,183371.88888888888
572119,183371.88888888888
572120,183371.88888888888
572121,183371.88888888888
572122,183371.88888888888
572123,183371.88888888888
572124,183371.88888888888
572125,183371.88888888888
572126,183371.88888888888
572127,183371.88888888888
572128,183371.88888888888
572129,183371.88888888888
572130,183371.88888888888
572132,183371.88888888888
572133,183371.88888888888
572134,183371.88888888888
572135,183371.88888888888
572136,183371.88888888888
572137,183371.88888888888
572138,183371.88888888888
572139,183371.88888888888
572140,183371.88888888888
572141,183371.88888888888
572142,183371.88888888888
572168,183371.88888888888
572175,183371.88888888888
572201,183371.88888888888
572211,183371.88888888888
572212,183371.88888888888
572213,183371.88888888888
572214,183371.88888888888
572215,183371.88888888888
572216,183371.88888888888
572217,183371.88888888888
572218,183371.88888888888
572219,183371.88888888888
572220,183371.88888888888
572221,183371.88888888888
572222,183371.88888888888
572223,183371.88888888888
572224,183371.88888888888
572225,183371.88888888888
572226,183371.88888888888
572227,183371.88888888888
572228,183371.88888888888
573101,163973.66666666666
573102,163973.66666666666
573103,163973.66666666666
573111,163973.66666666666
573112,163973.66666666666
573113,163973.66666666666
573115,163973.66666666666
573116,163973.66666666666
573117,163973.66666666666
573118,163973.66666666666
573119,163973.66666666666
573120,163973.66666666666
573121,163973.66666666666
573122,163973.66666666666
573123,163973.66666666666
573124,163973.66666666666
573125,163973.66666666666
573126,163973.66666666666
573127,163973.66666666666
573128,163973.66666666666
573129,163973.66666666666
573130,163973.66666666666
573131,163973.66666666666
573133,163973.66666666666
573134,163973.66666666666
573135,163973.66666666666
573136,163973.66666666666
573137,163973.66666666666
573141,163973.66666666666
573142,163973.66666666666
573144,163973.66666666666
573150,163973.66666666666
573162,163973.66666666666
573164,163973.66666666666
573165,163973.66666666666
573201,163973.66666666666
573202,163973.66666666666
573210,163973.66666666666
573211,163973.66666666666
573212,163973.66666666666
573213,163973.66666666666
573214,163973.66666666666
573215,163973.66666666666
573216,163973.66666666666
573217,163973.66666666666
573218,163973.66666666666
573219,163973.66666666666
573220,163973.66666666666
573225,163973.66666666666
574101,303484.4285714286
574102,303484.4285714286
574103,303484.4285714286
574104,303484.4285714286
574105,303484.4285714286
574106,303484.4285714286
574107,303484.4285714286
574108,303484.4285714286
574109,347859.0
574110,303484.4285714286
574111,303484.4285714286
574112,303484.4285714286
574113,303484.4285714286
574114,303484.4285714286
574115,303484.4285714286
574116,303484.4285714286
574117,303484.4285714286
574118,303484.4285714286
574119,303484.4285714286
574122,303484.4285714286
574129,303484.4285714286
574141,347859.0
574142,347859.0
574143,347859.0
574144,347859.0
574145,347859.0
574146,347859.0
574148,347859.0
574150,347859.0
574151,347859.0
574153,347859.0
574154,347859.0
574197,347859.0
574198,347859.0
574199,347859.0
574201,347859.0
574202,347859.0
574203,347859.0
574210,347859.0
574211,347859.0
574212,347859.0
574213,347859.0
574214,347859.0
574216,347859.0
574217,347859.0
574218,347859.0
574219,347859.0
574220,347859.0
574221,347859.0
574222,347859.0
574223,347859.0
574224,347859.0
574225,347859.0
574226,347859.0
574227,347859.0
574228,347859.0
574229,347859.0
574230,347859.0
574231,347859.0
574232,347859.0
574233,347859.0
574234,347859.0
574235,347859.0
574236,347859.0
574237,347859.0
574238,347859.0
574239,347859.0
574240,347859.0
574241,347859.0
574242,347859.0
574243,347859.0
574244,303484.4285714286
574248,347859.0
574253,347859.0
574259,347859.0
574260,347859.0
574265,347859.0
574267,347859.0
574274,347859.0
574279,347859.0
574285,347859.0
574313,347859.0
574314,347859.0
574323,347859.0
574324,347859.0
574325,347859.0
574326,347859.0
574327,347859.0
574328,347859.0
574509,347859.0
575001,347859.0
575002,347859.0
575003,347859.0
575004,347859.0
575005,347859.0
575006,347859.0
575007,347859.0
575008,347859.0
575010,347859.0
575011,347859.0
575013,347859.0
575014,347859.0
575015,347859.0
575016,347859.0
575017,347859.0
575018,347859.0
575019,347859.0
575020,347859.0
575022,347859.0
575023,347859.0
575025,347859.0
575028,347859.0
575029,347859.0
575030,347859.0
576101,303484.4285714286
576102,303484.4285714286
576103,303484.4285714286
576104,303484.4285714286
576105,303484.4285714286
576106,303484.4285714286
576107,303484.4285714286
576108,303484.4285714286
576111,303484.4285714286
576112,303484.4285714286
576113,303484.4285714286
576114,303484.4285714286
576115,303484.4285714286
576117,303484.4285714286
576120,303484.4285714286
576121,303484.4285714286
576122,303484.4285714286
576124,303484.4285714286
576201,303484.4285714286
576210,303484.4285714286
576211,303484.4285714286
576212,303484.4285714286
576213,303484.4285714286
576214,303484.4285714286
576215,303484.4285714286
576216,303484.4285714286
576217,303484.4285714286
576218,303484.4285714286
576219,303484.4285714286
576220,303484.4285714286
576221,303484.4285714286
576222,303484.4285714286
576223,303484.4285714286
576224,303484.4285714286
576225,303484.4285714286
576226,303484.4285714286
576227,303484.4285714286
576228,303484.4285714286
576229,303484.4285714286
576230,303484.4285714286
576231,303484.4285714286
576232,303484.4285714286
576233,303484.4285714286
576234,303484.4285714286
576235,303484.4285714286
576247,303484.4285714286
576257,303484.4285714286
576282,303484.4285714286
576283,303484.4285714286
577001,140309.83333333334
577002,140309.83333333334
577003,140309.83333333334
577004,140309.83333333334
577005,140309.83333333334
577006,140309.83333333334
577101,334756.875
577102,334756.875
577111,334756.875
577112,334756.875
577113,334756.875
577114,334756.875
577115,208904.0
577116,334756.875
577117,334756.875
577118,334756.875
577120,334756.875
577121,334756.875
577122,334756.875
577123,334756.875
577124,334756.875
577125,334756.875
577126,334756.875
577127,334756.875
577128,334756.875
577129,334756.875
577130,334756.875
577131,334756.875
577132,334756.875
577133,334756.875
577134,334756.875
577135,334756.875
577136,334756.875
577137,334756.875
577138,334756.875
577139,334756.875
577140,334756.875
577142,334756.875
577144,334756.875
577145,334756.875
577146,334756.875
577160,334756.875
577168,334756.875
577175,334756.875
577179,334756.875
577180,334756.875
577181,334756.875
577182,334756.875
577201,208904.0
577202,208904.0
577203,208904.0
577204,208904.0
577205,208904.0
577211,208904.0
577213,140309.83333333334
577214,208904.0
577215,140309.83333333334
577216,208904.0
577217,140309.83333333334
577218,140309.83333333334
577219,140309.83333333334
577220,208904.0
577221,140309.83333333334
577222,208904.0
577223,140309.83333333334
577224,140309.83333333334
577225,140309.83333333334
577226,208904.0
577227,208904.0
577228,334756.875
577229,208904.0
577230,140309.83333333334
577231,140309.83333333334
577232,208904.0
577233,208904.0
577243,208904.0
577245,208904.0
577301,208904.0
577302,208904.0
577401,208904.0
577411,208904.0
577412,208904.0
577413,208904.0
577414,208904.0
577415,208904.0
577416,208904.0
577417,208904.0
577418,208904.0
577419,208904.0
577421,208904.0
577422,208904.0
577423,208904.0
577424,208904.0
577425,208904.0
577426,208904.0
577427,208904.0
577428,208904.0
577429,208904.0
577430,208904.0
577431,208904.0
577432,208904.0
577433,208904.0
577434,208904.0
577435,208904.0
577436,208904.0
577448,208904.0
577451,208904.0
577452,208904.0
577453,208904.0
577501,133557.33333333334
577502,133557.33333333334
577511,133557.33333333334
577512,140309.83333333334
577513,140309.83333333334
577514,140309.83333333334
577515,133557.33333333334
577516,140309.83333333334
577517,133557.33333333334
577518,133557.33333333334
577519,133557.33333333334
577520,133557.33333333334
577521,133557.33333333334
577522,133557.33333333334
577523,133557.33333333334
577524,133557.33333333334
577525,140309.83333333334
577526,133557.33333333334
577527,133557.33333333334
577528,140309.83333333334
577529,133557.33333333334
577530,140309.83333333334
577531,133557.33333333334
577532,133557.33333333334
577533,133557.33333333334
577534,140309.83333333334
577535,133557.33333333334
577536,133557.33333333334
577537,133557.33333333334
577538,133557.33333333334
577539,133557.33333333334
577540,133557.33333333334
577541,133557.33333333334
577542,133557.33333333334
577543,133557.33333333334
577544,140309.83333333334
577545,133557.33333333334
577546,133557.33333333334
577547,334756.875
577548,334756.875
577549,334756.875
577550,334756.875
577551,140309.83333333334
577552,140309.83333333334
577553,140309.83333333334
577554,133557.33333333334
577555,133557.33333333334
577556,140309.83333333334
577557,133557.33333333334
577558,133557.33333333334
577566,140309.83333333334
577589,140309.83333333334
577596,133557.33333333334
577597,133557.33333333334
577598,133557.33333333334
577599,133557.33333333334
577601,140309.83333333334
580001,155492.4
580002,155492.4
580003,155492.4
580004,155492.4
580005,155492.4
580006,155492.4
580007,155492.4
580008,155492.4
580009,155492.4
580011,155492.4
580020,155492.4
580021,155492.4
580023,155492.4
580024,155492.4
580025,155492.4
580026,155492.4
580028,155492.4
580029,155492.4
580030,155492.4
580031,155492.4
580032,155492.4
580112,155492.4
580114,155492.4
580118,155492.4
581101,116075.33333333333
581102,116075.33333333333
581103,155492.4
581104,116075.33333333333
581105,155492.4
581106,116075.33333333333
581107,155492.4
581108,116075.33333333333
581109,116075.33333333333
581110,116075.33333333333
581111,116075.33333333333
581112,116075.33333333333
581113,155492.4
581115,116075.33333333333
581116,116075.33333333333
581117,155492.4
581118,116075.33333333333
581119,116075.33333333333
581120,116075.33333333333
581121,160119.27272727274
581123,116075.33333333333
581126,116075.33333333333
581128,116075.33333333333
581129,160119.27272727274
581145,116075.33333333333
581148,116075.33333333333
581186,160119.27272727274
581187,160119.27272727274
581193,116075.33333333333
581195,155492.4
581196,155492.4
581197,116075.33333333333
581198,116075.33333333333
581201,155492.4
581202,116075.33333333333
581203,116075.33333333333
581204,155492.4
581205,116075.33333333333
581206,155492.4
581207,155492.4
581208,116075.33333333333
581209,155492.4
581210,116075.33333333333
581211,116075.33333333333
581212,116075.33333333333
581213,116075.33333333333
581301,160119.27272727274
581302,160119.27272727274
581303,160119.27272727274
581304,160119.27272727274
581305,160119.27272727274
581306,160119.27272727274
581307,160119.27272727274
581308,160119.27272727274
581314,160119.27272727274
581315,160119.27272727274
581316,160119.27272727274
581317,160119.27272727274
581318,160119.27272727274
581319,160119.27272727274
581320,160119.27272727274
581321,160119.27272727274
581322,160119.27272727274
581323,160119.27272727274
581324,160119.27272727274
581325,160119.27272727274
581326,160119.27272727274
581327,160119.27272727274
581328,160119.27272727274
581329,160119.27272727274
581330,160119.27272727274
581331,160119.27272727274
581332,160119.27272727274
581333,160119.27272727274
581334,160119.27272727274
581335,160119.27272727274
581336,160119.27272727274
581337,160119.27272727274
581338,160119.27272727274
581339,160119.27272727274
581340,160119.27272727274
581341,160119.27272727274
581342,160119.27272727274
581343,160119.27272727274
581344,160119.27272727274
581345,160119.27272727274
581346,160119.27272727274
581347,160119.27272727274
581348,160119.27272727274
581349,160119.27272727274
581350,160119.27272727274
581351,160119.27272727274
581352,160119.27272727274
581353,160119.27272727274
581354,160119.27272727274
581355,160119.27272727274
581356,160119.27272727274
581357,160119.27272727274
581358,160119.27272727274
581359,160119.27272727274
581360,160119.27272727274
581361,160119.27272727274
581362,160119.27272727274
581363,160119.27272727274
581365,160119.27272727274
581384,160119.27272727274
581396,160119.27272727274
581400,160119.27272727274
581401,160119.27272727274
581402,160119.27272727274
581403,160119.27272727274
581411,160119.27272727274
581412,160119.27272727274
581421,160119.27272727274
581423,160119.27272727274
581440,160119.27272727274
581450,160119.27272727274
581453,160119.27272727274
582101,138769.16666666666
582102,138769.16666666666
582103,138769.16666666666
582111,138769.16666666666
582112,138769.16666666666
582113,138769.16666666666
582114,138769.16666666666
582115,138769.16666666666
582116,138769.16666666666
582117,138769.16666666666
582118,138769.16666666666
582119,138769.16666666666
582120,138769.16666666666
582201,155492.4
582202,138769.16666666666
582203,138769.16666666666
582204,138769.16666666666
582205,138769.16666666666
582206,138769.16666666666
582207,138769.16666666666
582208,155492.4
582209,138769.16666666666
582210,138769.16666666666
582211,138769.16666666666
583101,185653.0
583102,185653.0
583103,185653.0
583104,185653.0
583105,185653.0
583111,185653.0
583112,185653.0
583113,185653.0
583114,185653.0
583115,185653.0
583116,185653.0
583117,185653.0
583118,185653.0
583119,185653.0
583120,185653.0
583121,185653.0
583122,185653.0
583123,185653.0
583124,185653.0
583125,140309.83333333334
583126,185653.0
583127,140309.83333333334
583128,185653.0
583129,185653.0
583130,185653.0
583131,140309.83333333334
583132,185653.0
583134,185653.0
583135,185653.0
583136,185653.0
583137,140309.83333333334
583152,185653.0
583201,185653.0
583203,185653.0
583211,185653.0
583212,185653.0
583213,140309.83333333334
583214,185653.0
583215,185653.0
583216,185653.0
583217,185653.0
583218,185653.0
583219,185653.0
583220,185653.0
583221,185653.0
583222,185653.0
583223,185653.0
583224,185653.0
583225,185653.0
583226,116205.28571428571
583227,116205.28571428571
583228,116205.28571428571
583229,116205.28571428571
583230,116205.28571428571
583231,116205.28571428571
583232,116205.28571428571
583233,138769.16666666666
583234,116205.28571428571
583235,116205.28571428571
583236,116205.28571428571
583237,116205.28571428571
583238,116205.28571428571
583239,185653.0
583268,116205.28571428571
583275,185653.0
583276,185653.0
583277,116205.28571428571
583278,116205.28571428571
583279,116205.28571428571
583280,116205.28571428571
583281,116205.28571428571
583282,116205.28571428571
583283,116205.28571428571
584101,120512.0
584102,120512.0
584103,120512.0
584104,120512.0
584111,120512.0
584113,120512.0
584115,120512.0
584116,120512.0
584118,120512.0
584120,120512.0
584122,120512.0
584123,120512.0
584124,120512.0
584125,120512.0
584126,120512.0
584127,120512.0
584128,120512.0
584129,120512.0
584132,120512.0
584133,120512.0
584134,120512.0
584135,120512.0
584136,120512.0
584138,120512.0
584139,120512.0
584140,120512.0
584143,120512.0
584167,120512.0
584170,120512.0
584202,120512.0
584203,120512.0
585101,107727.85714285714
585102,107727.85714285714
585103,107727.85714285714
585104,107727.85714285714
585105,107727.85714285714
585106,107727.85714285714
585201,147754.0
585202,147754.0
585210,107727.85714285714
585211,107727.85714285714
585212,107727.85714285714
585213,107727.85714285714
585214,147754.0
585215,147754.0
585216,147754.0
585217,107727.85714285714
585218,107727.85714285714
585219,147754.0
585220,147754.0
585221,147754.0
585222,107727.85714285714
585223,147754.0
585224,147754.0
585225,107727.85714285714
585226,120399.42857142857
585227,120399.42857142857
585228,107727.85714285714
585229,107727.85714285714
585236,107727.85714285714
585237,147754.0
585265,107727.85714285714
585287,147754.0
585290,147754.0
585291,147754.0
585292,107727.85714285714
585301,107727.85714285714
585302,107727.85714285714
585303,107727.85714285714
585304,147754.0
585305,107727.85714285714
585306,107727.85714285714
585307,107727.85714285714
585308,107727.85714285714
585309,147754.0
585310,107727.85714285714
585311,107727.85714285714
585312,107727.85714285714
585313,107727.85714285714
585314,107727.85714285714
585315,147754.0
585316,107727.85714285714
585317,107727.85714285714
585318,107727.85714285714
585319,147754.0
585320,107727.85714285714
585321,147754.0
585322,107727.85714285714
585323,147754.0
585324,107727.85714285714
585325,107727.85714285714
585326,120399.42857142857
585327,120399.42857142857
585328,120399.42857142857
585329,120399.42857142857
585330,120399.42857142857
585331,120399.42857142857
585353,120399.42857142857
585355,147754.0
585367,107727.85714285714
585401,120399.42857142857
585402,120399.42857142857
585403,120399.42857142857
585411,120399.42857142857
585412,120399.42857142857
585413,120399.42857142857
585414,120399.42857142857
585415,120399.42857142857
585416,120399.42857142857
585417,120399.42857142857
585418,120399.42857142857
585419,120399.42857142857
585421,120399.42857142857
585436,120399.42857142857
585437,120399.42857142857
585443,120399.42857142857
585444,120399.42857142857
586101,119939.08333333333
586102,119939.08333333333
586103,119939.08333333333
586104,119939.08333333333
586108,119939.08333333333
586109,119939.08333333333
586111,119939.08333333333
586112,119939.08333333333
586113,119939.08333333333
586114,119939.08333333333
586115,119939.08333333333
586116,119939.08333333333
586117,119939.08333333333
586118,119939.08333333333
586119,119939.08333333333
586120,119939.08333333333
586121,119939.08333333333
586122,119939.08333333333
586123,119939.08333333333
586124,119939.08333333333
586125,119939.08333333333
586127,119939.08333333333
586128,119939.08333333333
586129,119939.08333333333
586130,119939.08333333333
586201,119939.08333333333
586202,119939.08333333333
586203,119939.08333333333
586204,119939.08333333333
586205,119939.08333333333
586206,119939.08333333333
586207,119939.08333333333
586208,119939.08333333333
586209,119939.08333333333
586210,119939.08333333333
586211,119939.08333333333
586212,119939.08333333333
586213,119939.08333333333
586214,119939.08333333333
586215,119939.08333333333
586216,119939.08333333333
586217,119939.08333333333
587101,168845.375
587102,168845.375
587103,168845.375
587104,168845.375
587111,168845.375
587112,168845.375
587113,168845.375
587114,168845.375
587115,168845.375
587116,168845.375
587117,168845.375
587118,168845.375
587119,168845.375
587120,168845.375
587121,168845.375
587122,168845.375
587124,168845.375
587125,168845.375
587154,168845.375
587155,168845.375
587201,168845.375
587202,168845.375
587203,168845.375
587204,168845.375
587205,168845.375
587206,168845.375
587207,168845.375
587301,168845.375
587311,168845.375
587312,168845.375
587313,168845.375
587314,168845.375
587315,168845.375
587316,168845.375
587330,168845.375
590001,118975.58333333333
590003,118975.58333333333
590005,118975.58333333333
590006,118975.58333333333
590008,118975.58333333333
590009,118975.58333333333
590010,118975.58333333333
590011,118975.58333333333
590014,118975.58333333333
590015,118975.58333333333
590016,118975.58333333333
590017,118975.58333333333
590018,118975.58333333333
590019,118975.58333333333
590020,118975.58333333333
591101,118975.58333333333
591102,118975.58333333333
591103,118975.58333333333
591104,118975.58333333333
591106,118975.58333333333
591107,118975.58333333333
591108,118975.58333333333
591109,118975.58333333333
591110,118975.58333333333
591111,118975.58333333333
591112,118975.58333333333
591113,118975.58333333333
591114,118975.58333333333
591115,118975.58333333333
591116,118975.58333333333
591117,118975.58333333333
591118,118975.58333333333
591119,118975.58333333333
591120,118975.58333333333
591121,118975.58333333333
591122,118975.58333333333
591123,118975.58333333333
591124,118975.58333333333
591125,118975.58333333333
591126,118975.58333333333
591127,118975.58333333333
591128,118975.58333333333
591129,118975.58333333333
591130,118975.58333333333
591131,118975.58333333333
591136,118975.58333333333
591143,118975.58333333333
591147,118975.58333333333
591153,118975.58333333333
591156,118975.58333333333
591173,118975.58333333333
591201,118975.58333333333
591211,118975.58333333333
591212,118975.58333333333
591213,118975.58333333333
591214,118975.58333333333
591215,118975.58333333333
591216,118975.58333333333
591217,118975.58333333333
591218,118975.58333333333
591219,118975.58333333333
591220,118975.58333333333
591221,118975.58333333333
591222,118975.58333333333
591223,118975.58333333333
591224,118975.58333333333
591225,118975.58333333333
591226,118975.58333333333
591227,118975.58333333333
591228,118975.58333333333
591229,118975.58333333333
591230,118975.58333333333
591231,118975.58333333333
591232,118975.58333333333
591233,118975.58333333333
591234,118975.58333333333
591235,118975.58333333333
591236,118975.58333333333
591237,118975.58333333333
591238,118975.58333333333
591239,118975.58333333333
591240,118975.58333333333
591241,118975.58333333333
591242,118975.58333333333
591243,118975.58333333333
591244,118975.58333333333
591246,118975.58333333333
591247,118975.58333333333
591248,118975.58333333333
591254,118975.58333333333
591263,118975.58333333333
591265,118975.58333333333
591287,118975.58333333333
591301,118975.58333333333
591302,118975.58333333333
591303,118975.58333333333
591304,118975.58333333333
591305,118975.58333333333
591306,118975.58333333333
591307,118975.58333333333
591308,118975.58333333333
591309,118975.58333333333
591310,118975.58333333333
591311,118975.58333333333
591312,118975.58333333333
591313,118975.58333333333
591314,118975.58333333333
591315,118975.58333333333
591316,118975.58333333333
591317,118975.58333333333
591340,118975.58333333333
591344,118975.58333333333
591345,118975.58333333333
591346,118975.58333333333
