pincode,premium_poi_per_km2
110003,6.8
110021,4.5
110057,5.6
110024,18.3
110048,23.6
110016,19.7
110070,3.3
110017,20.9
201301,10.2
110034,12.0
110092,14.1
110059,5.8
110093,6.2
110040,1.2
400021,15.4
400049,24.7
400005,2.7
400051,28.0
400053,12.3
400059,17.0
400068,10.7
400050,29.0
400071,14.1
400070,15.2
400063,12.5
400086,11.1
560025,51.8
560027,41.1
560001,50.3
560099,10.7
560034,13.7
560017,30.2
560076,35.7
560037,32.9
560011,38.0
560068,24.5
560085,22.5
560035,10.3
110001,15.3
110006,16.7
110009,6.7
110026,6.0
110058,4.7
110075,10.7
110085,10.6
110091,12.9
110032,5.7
122002,4.4
122022,4.3
400006,7.5
400013,21.3
400018,3.9
400028,14.6
400054,9.6
400060,19.0
400062,5.2
400097,12.2
400074,12.9
400080,13.3
400614,6.4
400708,5.3
560002,31.4
560003,15.3
560004,14.4
560008,17.5
560029,27.6
560032,11.1
560047,11.4
560064,8.8
560066,11.4
560078,22.8
560103,6.8
400001,19.0
251001,3.5
141001,6.0
410500,5.5
412216,0.3
411001,20.8
411004,22.4
411014,6.2
440001,7.2
440010,14.3
440015,0.4
422009,8.8
422001,9.9
422003,3.4
431001,10.5
431005,4.6
431003,2.8
416001,8.8
416008,9.5
416115,2.6
413001,7.5
413002,7.8
413304,2.0
444601,6.4
444602,3.3
444906,2.4
431601,2.7
431605,0.2
431602,8.2
123412,0.0
123106,0.0
301705,0.0
301704,0.0
123501,0.0
301708,0.0
201303,0.3
301714,9.7
400201,0.6
400603,3.3
400605,2.0
400607,0.7
400612,0.1
400615,0.1
401209,0.6
410210,0.2
421302,1.7
421312,0.0
421503,0.0
421604,0.6
110004,8.7
110054,8.7
110074,8.7
110081,8.7
110094,8.7
121001,15.0
122001,2.15
140306,6.0
160018,15.0
171207,15.0
203200,3.5
301406,15.0
302001,15.0
400087,7.2
403103,7.2
403529,7.2
411089,7.2
452001,15.0
560012,22.5
605005,15.0
629853,15.0
631501,15.0
636014,15.0
638506,15.0
638656,15.0
643001,15.0
680014,15.0
683541,15.0
685512,15.0
686564,15.0
688501,15.0
689699,15.0
691315,15.0
695543,15.0
700019,15.0
737101,15.0
737120,15.0
737139,15.0
744207,15.0
782423,15.0
790116,15.0
791001,15.0
791119,15.0
796082,15.0
D160859,15.0
D254564,15.0
D324734,15.0
D629207,15.0
D701545,15.0
D792405,15.0
D976610,15.0
625005,15.0
796911,15.0
248159,3.5
176041,15.0
637003,15.0
144601,6.0
383205,15.0
D226277,15.0
791122,15.0
799001,15.0
744202,15.0
D653477,15.0
530028,15.0
D648773,15.0
127029,2.15
601103,15.0
609604,15.0
D681670,15.0
410206,7.2
574220,22.5
790105,15.0
141116,6.0
388400,15.0
387335,15.0
570001,22.5
360001,0.2
400702,0.0
401301,0.0
421201,2.1
201314,0.0
201312,0.2
210310,0.8
201306,0.2
121101,0.0
201001,0.6
201308,10.3
203207,10.3
245408,0.1
201003,10.3
203202,0.1
203205,10.3
110020,14.4
201009,0.1
201008,0.0
121004,15.2
335526,0.0
335525,0.0
335512,0.2
122004,0.0
282007,0.1
283105,0.0
282010,5.7
280001,0.9
281302,0.0
122008,15.2
282009,0.0
283122,10.3
283119,0.0
402004,7.0
283125,10.3
283202,10.3
282001,0.3
440021,7.2
D212378,15.0
D862485,15.0
304001,15.0
D989489,15.0
D171306,15.0
791120,15.0
D905581,15.0
792110,15.0
673574,15.0
625520,15.0
174316,15.0
583103,22.5
249401,15.0
577101,22.5
D963453,15.0
182202,15.0
D734356,15.0
521156,15.0
342001,15.0
797004,15.0
D939856,15.0
192129,15.0
123500,0.1
301401,0.0
301407,0.0
124001,4.5
124021,0.0
124029,15.2
124401,0.0
124022,0.0
124505,15.2
124514,15.2
124107,0.0
301707,0.0
301702,0.0
123200,0.0
127201,0.0
123308,15.2
333029,0.0
331305,0.0
124010,1.8
136118,0.0
416211,7.2
D958603,15.0
172116,15.0
D458966,15.0
790102,15.0
562130,22.5
D118911,15.0
792001,15.0
D939729,15.0
144001,6.0
797112,15.0
678642,15.0
712306,15.0
D632781,15.0
143518,6.0
152004,6.0
D692292,15.0
627502,15.0
D371822,15.0
144208,6.0
391760,15.0
180017,15.0
635116,15.0
D832760,15.0
D155696,15.0
791118,15.0
533309,15.0
362520,15.0
522307,15.0
833219,15.0
676121,15.0
752020,15.0
500104,15.0
133104,15.0
D731829,15.0
D591824,15.0
508377,15.0
770011,15.0
142001,6.0
623700,15.0
670593,15.0
791002,15.0
D840134,15.0
796321,15.0
D450640,15.0
D794154,15.0
632010,15.0
122104,1.8
D745712,15.0
D524797,15.0
798611,15.0
176002,15.0
D706630,15.0
D910402,15.0
201206,15.0
798616,15.0
D750446,15.0
D237982,15.0
250001,15.0
D534240,15.0
333001,15.0
382620,15.0
562104,22.5
828109,15.0
246488,15.0
624622,15.0
175021,15.0
D549883,15.0
D285577,15.0
D474943,15.0
523262,15.0
152026,6.0
D794663,15.0
580020,22.5
140118,6.0
563126,22.5
534350,15.0
734431,15.0
573118,22.5
D363985,15.0
506331,15.0
325203,15.0
D470467,15.0
451440,15.0
D726977,15.0
D846953,15.0
D552582,15.0
D140377,15.0
576124,22.5
D272288,15.0
140407,6.0
142023,6.0
151209,6.0
507167,15.0
D838687,15.0
226001,15.0
795113,15.0
797102,15.0
151503,6.0
799273,15.0
791104,15.0
D848859,15.0
D436336,15.0
D649886,15.0
D997922,15.0
586127,22.5
D782262,15.0
D501306,15.0
628001,15.0
D823806,15.0
D832430,15.0
D525821,15.0
416314,7.2
D447102,15.0
D871865,15.0
D609641,15.0
572128,22.5
190001,15.0
D582880,15.0
571201,22.5
D853564,15.0
792123,15.0
D213047,15.0
636700,15.0
263654,2.2
332041,15.0
562159,22.5
D877003,15.0
505469,15.0
392140,15.0
621804,15.0
604302,15.0
798625,15.0
D850617,15.0
524311,15.0
785634,15.0
613904,15.0
670721,15.0
D965985,15.0
416603,7.2
370427,15.0
614712,15.0
630556,15.0
143415,6.0
263145,2.2
313702,15.0
208012,2.2
D483105,15.0
383315,15.0
173023,15.0
D629957,15.0
305600,15.0
362260,15.0
518465,15.0
D966900,15.0
785600,15.0
786001,15.0
D248418,15.0
486896,15.0
D710636,15.0
D656917,15.0
431002,7.2
D808830,15.0
834010,15.0
D754715,15.0
D888359,15.0
D629821,15.0
792130,15.0
D794573,15.0
D254856,15.0
614101,15.0
D566928,15.0
303506,15.0
396375,15.0
124104,1.8
335803,15.0
D433744,15.0
184121,15.0
425116,7.2
795010,15.0
D427457,15.0
D344010,15.0
786153,15.0
D770954,15.0
577544,22.5
D445699,15.0
D890490,15.0
D902798,15.0
D958583,15.0
281406,2.2
D884563,15.0
D817915,15.0
414001,7.2
D340635,15.0
D717069,15.0
500023,15.0
126125,1.8
247001,2.2
D634761,15.0
284303,0.0
476221,0.0
284306,0.0
284302,0.0
285201,0.0
323601,0.0
324001,1.8
325001,0.1
323301,0.0
323600,9.7
124106,0.0
201102,0.0
250101,0.0
121005,0.0
500081,4.3
121009,2.7
110045,3.6
110065,12.7
110041,0.2
321023,0.0
321204,0.0
334001,0.0
321024,9.7
334005,0.0
122508,15.2
334401,0.1
334402,0.1
334004,0.0
560057,4.1
110047,0.1
110035,5.3
412105,0.0
412307,0.2
411025,0.2
410005,5.7
412110,0.0
412308,17.5
410505,0.0
411072,3.7
250002,2.6
250004,0.0
250205,0.1
250223,0.1
250005,0.0
250400,0.0
245101,0.0
250110,1.5
201204,0.0
201305,0.0
245301,0.0
250601,0.0
476335,0.0
476355,0.0
476332,0.0
562149,0.5
560039,6.8
560063,4.5
560097,3.4
562157,13.7
561203,1.1
562110,0.2
562129,0.2
560049,0.3
562132,0.0
560074,0.6
562127,0.0
560060,0.9
561201,0.0
562120,0.0
562123,13.7
562109,13.7
560083,13.7
D395541,15.0
110053,8.7
501511,0.2
509218,0.1
500005,12.7
501505,0.0
500089,1.2
800081,10.7
500097,1.8
501301,0.0
502319,0.1
501359,0.0
500101,0.0
501512,12.7
D367866,15.0
124507,0.0
124504,0.0
122413,15.2
201307,1.6
201015,0.0
110088,8.8
110029,5.4
123411,0.0
502269,0.0
502246,0.0
502257,12.7
502273,0.0
502345,0.0
122016,0.3
131023,0.0
110096,5.3
110073,0.2
124102,0.0
122017,2.5
400027,0.0
410221,0.8
410208,0.1
400010,5.9
410701,0.0
421103,0.0
421100,0.2
410200,17.5
410102,17.5
421003,0.8
421102,0.2
D461093,15.0
D325346,15.0
D929596,15.0
D944990,15.0
413302,6.4
D394763,15.0
394670,15.0
621115,15.0
D312499,15.0
D842180,15.0
246439,15.0
785621,15.0
825402,15.0
382711,15.0
D982573,15.0
761214,15.0
D730512,15.0
821115,15.0
D145034,15.0
606001,15.0
D706767,15.0
D790955,15.0
D559536,15.0
D210640,15.0
249131,15.0
D697137,15.0
D501341,15.0
D211386,15.0
D525018,15.0
622506,15.0
D819057,15.0
D890225,15.0
843108,10.7
795102,15.0
783383,15.0
844126,10.7
D654726,15.0
D580844,15.0
D940778,15.0
D170869,15.0
582102,16.4
D569194,15.0
211001,15.0
D301308,15.0
D197112,15.0
488051,15.0
431806,6.4
135103,15.0
D331294,15.0
D896586,15.0
794111,15.0
202001,15.0
743438,15.0
D968680,15.0
D169177,15.0
D523472,15.0
D836663,15.0
590001,16.4
D857972,15.0
D267452,15.0
D952324,15.0
191132,15.0
D309783,15.0
D370250,15.0
788119,15.0
767017,15.0
758001,15.0
851213,10.7
D649160,15.0
D404179,15.0
D655706,15.0
784125,15.0
586101,16.4
814114,10.7
228141,15.0
224188,15.0
825316,15.0
307001,15.0
D556250,15.0
845437,10.7
841241,10.7
D191344,15.0
325218,15.0
D728927,15.0
533464,15.0
D690011,15.0
D163852,15.0
D959576,15.0
813102,10.7
D904225,15.0
798621,15.0
D912916,15.0
784505,15.0
852221,10.7
323001,15.0
841440,10.7
D146661,15.0
322024,15.0
328031,15.0
854202,10.7
742169,15.0
246762,15.0
D532364,15.0
D837649,15.0
D809540,15.0
803109,10.7
D797660,15.0
D576228,15.0
D727621,15.0
244001,15.0
781137,15.0
D408343,15.0
326039,15.0
441804,6.4
D340613,15.0
D130094,15.0
D469416,15.0
731216,15.0
781300,15.0
185101,15.0
D625702,15.0
794102,15.0
481102,7.5
D919044,15.0
244221,15.0
443102,6.4
822123,15.0
D920456,15.0
795006,15.0
783362,15.0
D581407,15.0
793119,15.0
741123,15.0
203001,1.2
273001,1.2
D147530,15.0
487110,7.5
D951435,15.0
458883,7.5
851127,10.7
243001,1.2
484330,7.5
D552859,15.0
D415026,15.0
782141,15.0
782105,15.0
D516392,15.0
D988234,15.0
D466715,15.0
461005,7.5
D997854,15.0
787059,15.0
781372,15.0
D231483,15.0
804420,10.7
783349,15.0
811314,10.7
221003,1.2
D419945,15.0
D335855,15.0
D280075,15.0
385340,15.0
733124,15.0
455223,7.5
793151,15.0
210421,1.2
735302,15.0
389175,15.0
441807,6.4
470001,7.5
224227,1.2
431122,6.4
D763704,15.0
783360,15.0
241001,1.2
496111,15.0
759123,15.0
207001,1.2
752002,15.0
D195091,15.0
D913218,15.0
847224,10.7
D780233,15.0
272192,1.2
D563785,15.0
D622904,15.0
D107542,15.0
848505,10.7
193502,15.0
843314,10.7
D688159,15.0
D319295,15.0
D579372,15.0
D711895,15.0
788161,15.0
D214617,15.0
D400421,15.0
D903909,15.0
755008,15.0
D503810,15.0
824231,15.0
D189961,15.0
D343352,15.0
D511120,15.0
212600,1.2
821101,15.0
284403,1.2
D669852,15.0
D193421,15.0
D306068,15.0
D942323,15.0
271003,1.2
D417644,15.0
274001,1.2
D428839,15.0
274305,1.2
D515353,15.0
272175,1.2
193224,15.0
843329,10.7
493551,15.0
242307,1.2
761111,15.0
D334849,15.0
D728012,15.0
D171615,15.0
497346,15.0
D121313,15.0
D270808,15.0
848503,10.7
D262167,15.0
D686330,15.0
D269102,15.0
D469019,15.0
D851774,15.0
D280408,15.0
768109,15.0
D516565,15.0
802136,10.7
465223,7.5
D502821,15.0
D124782,15.0
224122,1.2
495004,15.0
D505553,15.0
D841188,15.0
D734014,15.0
803120,10.7
D853079,15.0
815315,10.7
D211490,15.0
D806886,15.0
229001,1.2
D350782,15.0
D148606,15.0
D693397,15.0
754215,15.0
425409,6.4
D559316,15.0
D889929,15.0
497116,15.0
D782578,15.0
262122,1.2
222501,1.2
D734885,15.0
243633,1.2
D815885,15.0
D167300,15.0
D712176,15.0
231310,15.0
D216230,15.0
D932553,15.0
233001,15.0
D441711,15.0
814133,10.7
460001,7.5
D492353,15.0
221201,1.2
D752523,15.0
D361537,15.0
394710,15.0
723101,15.0
D179875,15.0
D308156,15.0
D521581,15.0
D267960,15.0
494661,15.0
D778644,15.0
D263669,15.0
585323,16.4
D280374,15.0
D980667,15.0
496225,15.0
D847522,15.0
D740403,15.0
762014,15.0
495668,15.0
D898467,15.0
814111,10.7
D344259,15.0
D680704,15.0
D420466,15.0
764073,15.0
D529633,15.0
D573435,15.0
D577760,15.0
