pincode,name,district,state,lat,lng,ppi_ml,est_monthly_income_hh,est_monthly_spend_hh,upi_txn_count_nearby,reason
D107542,"Hingoli, Maharashtra · D107542",HINGOLI,MAHARASHTRA,19.5431163,77.1739432,55,14700,12500,,synthetic_district_centroid
D118911,"Bilaspur, Himachal Pradesh",BILASPUR,HIMACHAL PRADESH,31.3380959,76.7611631,94,30300,25500,359894,synthetic_district_centroid
D121313,"Seoni, Madhya Pradesh · D121313",SEONI,MADHYA PRADESH,22.2748109,79.7202522,80,23600,20000,,synthetic_district_centroid
D124782,"Khunti, Jharkhand",KHUNTI,JHARKHAND,22.9281801,85.2814475,127,64600,47100,,synthetic_district_centroid
D130094,"Paschim Medinipur, West Bengal",PASCHIM MEDINIPUR,WEST BENGAL,22.3600119,87.4111505,128,66300,48100,,synthetic_district_centroid
D140377,"Kurukshetra, Haryana · D140377",KURUKSHETRA,HARYANA,30.0606702,76.7631053,91,28500,24300,745130,synthetic_district_centroid
D145034,"Thoubal, Manipur · D145034",THOUBAL,MANIPUR,24.6203931,94.0104782,77,22000,18700,,synthetic_district_centroid
D146661,"Rajouri, Jammu And Kashmir",RAJOURI,JAMMU AND KASHMIR,33.2663678,74.343847,149,106700,70100,,synthetic_district_centroid
D147530,"Lakhisarai, Bihar · D147530",LAKHISARAI,BIHAR,25.1543938,86.1744959,127,63900,46700,,synthetic_district_centroid
D148606,"Chitrakoot, Uttar Pradesh · D148606",CHITRAKOOT,UTTAR PRADESH,25.217139,81.1045927,126,62800,46100,,synthetic_district_centroid
D155696,"Mahabubnagar, Telangana",MAHABUBNAGAR,TELANGANA,16.6965686,77.9591146,94,30400,25600,8101678,synthetic_district_centroid
D160859,"Aizawl, Mizoram · D160859",AIZAWL,MIZORAM,23.8608788,92.864694,96,32200,26800,3898,synthetic_district_centroid
D163852,"Ratlam, Madhya Pradesh · D163852",RATLAM,MADHYA PRADESH,23.50222,74.9551534,87,26700,22700,,synthetic_district_centroid
D167300,"Dhamtari, Chhattisgarh",DHAMTARI,CHHATTISGARH,20.5326259,81.7155987,92,29600,25000,,synthetic_district_centroid
D169177,"Datia, Madhya Pradesh · D169177",DATIA,MADHYA PRADESH,25.9182947,78.6644962,71,20000,17000,,synthetic_district_centroid
D170869,"East Nimar, Madhya Pradesh · D170869",EAST NIMAR,MADHYA PRADESH,21.75,76.583333,76,21600,18400,,synthetic_district_centroid
D171306,"Lawngtlai, Mizoram · D171306",LAWNGTLAI,MIZORAM,22.3913377,92.7397189,94,30500,25600,9036,synthetic_district_centroid
D171615,"Latehar, Jharkhand · D171615",LATEHAR,JHARKHAND,23.6880057,84.4969551,127,64100,46900,,synthetic_district_centroid
D179875,"Ashoknagar, Madhya Pradesh",ASHOKNAGAR,MADHYA PRADESH,24.6186095,77.8786983,93,30000,25300,,synthetic_district_centroid
D189961,"Araria, Bihar · D189961",ARARIA,BIHAR,26.2651013,87.3699437,126,62900,46100,,synthetic_district_centroid
D191344,"Baleshwar, Odisha",BALESHWAR,ODISHA,21.5197916,86.8790638,123,58600,43600,,synthetic_district_centroid
D193421,"Kishanganj, Bihar · D193421",KISHANGANJ,BIHAR,26.2984144,87.9466715,129,66800,48400,,synthetic_district_centroid
D195091,"Sitapur, Uttar Pradesh · D195091",SITAPUR,UTTAR PRADESH,27.5026748,80.8335139,124,60200,44600,,synthetic_district_centroid
D197112,"Uttarkashi, Uttarakand",UTTARKASHI,UTTARAKAND,30.9635733,78.6362521,122,57700,43100,,synthetic_district_centroid
D210640,"Rewa, Madhya Pradesh · D210640",REWA,MADHYA PRADESH,24.7560846,81.3810574,100,34800,28600,,synthetic_district_centroid
D211386,"Bishnupur, Manipur · D211386",BISHNUPUR,MANIPUR,24.5263926,93.800487,76,21800,18500,,synthetic_district_centroid
D211490,"Pratapgarh, Uttar Pradesh · D211490",PRATAPGARH,UTTAR PRADESH,25.75,81.75,158,133300,83500,,synthetic_district_centroid
D212378,"Sirsa, Haryana · D212378",SIRSA,HARYANA,29.6063041,74.9036568,109,43200,34100,505316,synthetic_district_centroid
D213047,"Chhindwara, Madhya Pradesh · D213047",CHHINDWARA,MADHYA PRADESH,22.2071897,78.798833,79,23000,19600,1343286,synthetic_district_centroid
D214617,"Barddhaman, West Bengal",BARDDHAMAN,WEST BENGAL,23.25,87.75,135,77500,54500,,synthetic_district_centroid
D216230,"Sahibganj, Jharkhand · D216230",SAHIBGANJ,JHARKHAND,25.0320437,87.691764,127,65100,47500,,synthetic_district_centroid
D226277,"Serchhip, Mizoram · D226277",SERCHHIP,MIZORAM,23.3052514,92.8455124,94,30700,25800,24676,synthetic_district_centroid
D231483,"Rayagada, Odisha · D231483",RAYAGADA,ODISHA,19.4426698,83.5873053,95,31300,26200,,synthetic_district_centroid
D237982,"Peren, Nagaland · D237982",PEREN,NAGALAND,25.4499691,93.6001738,94,30600,25700,2755,synthetic_district_centroid
D248418,"Jhansi, Uttar Pradesh · D248418",JHANSI,UTTAR PRADESH,25.529855,78.6527802,79,22900,19500,2398984,synthetic_district_centroid
D254564,"Panchkula, Haryana · D254564",PANCHKULA,HARYANA,30.689535,76.9947922,95,31300,26200,1412202,synthetic_district_centroid
D254856,"Gwalior, Madhya Pradesh · D254856",GWALIOR,MADHYA PRADESH,26.0287495,78.1570654,89,27400,23300,2513746,synthetic_district_centroid
D262167,"Kannauj, Uttar Pradesh · D262167",KANNAUJ,UTTAR PRADESH,26.9986675,79.6927946,104,37900,30600,,synthetic_district_centroid
D263669,"Tikamgarh, Madhya Pradesh · D263669",TIKAMGARH,MADHYA PRADESH,24.8552105,79.0472546,111,44400,34800,,synthetic_district_centroid
D267452,"Dumka, Jharkhand · D267452",DUMKA,JHARKHAND,24.3159312,87.2720833,130,68500,49400,,synthetic_district_centroid
D267960,"Simdega, Jharkhand · D267960",SIMDEGA,JHARKHAND,22.5904573,84.5464805,116,50400,38600,,synthetic_district_centroid
D269102,"Mahrajganj, Uttar Pradesh",MAHRAJGANJ,UTTAR PRADESH,27.1837263,83.4917301,148,105200,69400,,synthetic_district_centroid
D270808,"Katni, Madhya Pradesh · D270808",KATNI,MADHYA PRADESH,23.7176393,80.2610181,84,25000,21300,,synthetic_district_centroid
D272288,"Jaisalmer, Rajasthan · D272288",JAISALMER,RAJASTHAN,27.0264162,70.777512,94,30400,25600,168436,synthetic_district_centroid
D280075,"Mandsaur, Madhya Pradesh · D280075",MANDSAUR,MADHYA PRADESH,24.2628148,75.385692,73,20500,17400,,synthetic_district_centroid
D280374,"Chhatarpur, Madhya Pradesh · D280374",CHHATARPUR,MADHYA PRADESH,24.7606089,79.6781776,100,34900,28600,,synthetic_district_centroid
D280408,"Azamgarh, Uttar Pradesh · D280408",AZAMGARH,UTTAR PRADESH,26.023639,83.0293105,117,51200,39100,,synthetic_district_centroid
D285577,"Pulwama, Jammu And Kashmir",PULWAMA,JAMMU AND KASHMIR,33.9490472,75.0418335,94,30400,25600,758199,synthetic_district_centroid
D301308,"Mainpuri, Uttar Pradesh · D301308",MAINPURI,UTTAR PRADESH,27.2093072,79.0625369,124,60700,44900,,synthetic_district_centroid
D306068,"Guna, Madhya Pradesh · D306068",GUNA,MADHYA PRADESH,24.5001772,77.2600959,72,20400,17300,,synthetic_district_centroid
D308156,"Kaushambi, Uttar Pradesh · D308156",KAUSHAMBI,UTTAR PRADESH,25.5342456,81.4493567,131,69900,50200,,synthetic_district_centroid
D309783,"Sehore, Madhya Pradesh · D309783",SEHORE,MADHYA PRADESH,23.1150041,77.0665356,92,29100,24700,,synthetic_district_centroid
D312499,"Mahendragarh, Haryana · D312499",MAHENDRAGARH,HARYANA,28.1326971,76.1697448,100,35200,28900,,synthetic_district_centroid
D319295,"Garhwa, Jharkhand · D319295",GARHWA,JHARKHAND,24.053577,83.6526818,127,64700,47200,,synthetic_district_centroid
D324734,"Karauli, Rajasthan · D324734",KARAULI,RAJASTHAN,26.5158329,77.0565965,90,28200,24000,2241514,synthetic_district_centroid
D325346,"Dhule, Maharashtra · D325346",DHULE,MAHARASHTRA,21.1305215,74.4900614,87,26600,22600,,synthetic_district_centroid
D331294,"Pali, Rajasthan · D331294",PALI,RAJASTHAN,25.4552211,73.419389,58,15700,13400,,synthetic_district_centroid
D334849,"Balrampur, Uttar Pradesh · D334849",BALRAMPUR,UTTAR PRADESH,27.4476988,82.3956245,140,86600,59500,,synthetic_district_centroid
D335855,"Karimganj, Assam · D335855",KARIMGANJ,ASSAM,24.5828196,92.3725487,105,38900,31300,,synthetic_district_centroid
D340613,"Vidisha, Madhya Pradesh · D340613",VIDISHA,MADHYA PRADESH,23.8463004,77.8370209,75,21400,18200,,synthetic_district_centroid
D340635,"Banas Kantha, Gujarat",BANAS KANTHA,GUJARAT,24.25,72.5,94,30400,25600,,synthetic_district_centroid
D343352,"Koraput, Odisha · D343352",KORAPUT,ODISHA,18.7232023,82.6100596,91,28600,24300,,synthetic_district_centroid
D344010,"Koppal, Karnataka · D344010",KOPPAL,KARNATAKA,15.5748238,76.3118494,106,39900,32000,536940,synthetic_district_centroid
D344259,"Alirajpur, Madhya Pradesh",ALIRAJPUR,MADHYA PRADESH,22.2859525,74.3545628,78,22700,19300,,synthetic_district_centroid
D350782,"Nawada, Bihar · D350782",NAWADA,BIHAR,24.8173249,85.5179085,128,66600,48300,,synthetic_district_centroid
D361537,"Auraiya, Uttar Pradesh · D361537",AURAIYA,UTTAR PRADESH,26.6558215,79.5160757,95,31300,26200,,synthetic_district_centroid
D363985,"Osmanabad, Maharashtra · D363985",OSMANABAD,MAHARASHTRA,18.169844,76.1179632,108,41500,33000,1722313,synthetic_district_centroid
D367866,"North, Delhi · D367866",NORTH,DELHI,28.7063083,77.1087892,200,368900,179500,,synthetic_district_centroid
D370250,"Adilabad, Telangana · D370250",ADILABAD,TELANGANA,19.5457038,78.6086759,61,16600,14100,,synthetic_district_centroid
D371822,"South Tripura, Tripura · D371822",SOUTH TRIPURA,TRIPURA,23.1708278,91.638817,95,31100,26000,86461,synthetic_district_centroid
D394763,"Patna, Bihar · D394763",PATNA,BIHAR,25.4680538,85.1952852,139,85600,59000,,synthetic_district_centroid
D395541,"North West, Delhi · D395541",NORTH WEST,DELHI,28.7063083,77.1087892,200,368900,179500,,synthetic_district_centroid
D400421,"Jaunpur, Uttar Pradesh · D400421",JAUNPUR,UTTAR PRADESH,25.7967065,82.4888992,127,64400,47000,,synthetic_district_centroid
D404179,"Shahdol, Madhya Pradesh · D404179",SHAHDOL,MADHYA PRADESH,23.3002343,81.364771,93,30200,25400,,synthetic_district_centroid
D408343,"Ramban, Jammu And Kashmir",RAMBAN,JAMMU AND KASHMIR,33.3332892,75.1984763,148,103700,68600,,synthetic_district_centroid
D415026,"Lakhimpur, Assam · D415026",LAKHIMPUR,ASSAM,27.1763356,94.1992932,55,14800,12600,,synthetic_district_centroid
D417644,"Dungarpur, Rajasthan · D417644",DUNGARPUR,RAJASTHAN,23.6723053,73.8166419,51,13900,11800,,synthetic_district_centroid
D419945,"Purnia, Bihar · D419945",PURNIA,BIHAR,25.7758723,87.4087667,127,64800,47300,,synthetic_district_centroid
D420466,"Dindori, Madhya Pradesh · D420466",DINDORI,MADHYA PRADESH,22.9070871,80.8846924,91,28600,24300,,synthetic_district_centroid
D427457,"Chamoli, Uttarakand",CHAMOLI,UTTARAKAND,30.4985956,79.6190537,94,30400,25600,170301,synthetic_district_centroid
D428839,"Bhojpur, Bihar · D428839",BHOJPUR,BIHAR,25.4501182,84.5635193,131,70700,50700,,synthetic_district_centroid
D433744,"Anjaw, Arunachal Pradesh",ANJAW,ARUNACHAL PRADESH,28.1553856,96.8407212,94,30400,25600,420,synthetic_district_centroid
D436336,"Valsad, Gujarat · D436336",VALSAD,GUJARAT,20.4321957,73.1409893,102,36200,29500,417391,synthetic_district_centroid
D441711,"Chandauli, Uttar Pradesh · D441711",CHANDAULI,UTTAR PRADESH,25.125695,83.2494601,153,118500,76200,,synthetic_district_centroid
D445699,"Hanumangarh, Rajasthan · D445699",HANUMANGARH,RAJASTHAN,29.3659533,74.298429,91,28600,24300,341732,synthetic_district_centroid
D447102,"Pithoragarh, Uttarakand",PITHORAGARH,UTTARAKAND,30.1264975,80.4816989,94,30400,25600,233,synthetic_district_centroid
D450640,"Bathinda, Punjab · D450640",BATHINDA,PUNJAB,30.1794814,75.0471098,81,23700,20200,765437,synthetic_district_centroid
D458966,"Lakshadweep, Lakshadweep · D458966",LAKSHADWEEP,LAKSHADWEEP,10.8132489,73.6804621,93,30100,25300,16373,synthetic_district_centroid
D461093,"Balangir, Odisha · D461093",BALANGIR,ODISHA,20.6095183,83.1673029,89,27500,23400,,synthetic_district_centroid
D466715,"Neemuch, Madhya Pradesh · D466715",NEEMUCH,MADHYA PRADESH,24.6305517,75.1829,65,17900,15200,,synthetic_district_centroid
D469019,"Sheopur, Madhya Pradesh · D469019",SHEOPUR,MADHYA PRADESH,25.7499267,76.9212945,54,14400,12300,,synthetic_district_centroid
D469416,"Amreli, Gujarat · D469416",AMRELI,GUJARAT,21.4176122,71.249609,77,22300,18900,,synthetic_district_centroid
D470467,"Bhopal, Madhya Pradesh · D470467",BHOPAL,MADHYA PRADESH,23.4839759,77.3928507,86,26100,22200,655185,synthetic_district_centroid
D474943,"Satara, Maharashtra · D474943",SATARA,MAHARASHTRA,17.6361289,74.2982781,110,44000,34600,495917,synthetic_district_centroid
D483105,"Harda, Madhya Pradesh · D483105",HARDA,MADHYA PRADESH,22.2427973,77.1179173,94,30400,25600,663716,synthetic_district_centroid
D492353,"Aurangabad, Bihar",AURANGABAD,BIHAR,24.8033201,84.4110198,126,63600,46500,,synthetic_district_centroid
D501306,"Uttara Kannada, Karnataka · D501306",UTTARA KANNADA,KARNATAKA,14.7253795,74.6403389,107,40600,32400,34160,synthetic_district_centroid
D501341,"Bikaner, Rajasthan · D501341",BIKANER,RAJASTHAN,28.1161617,73.110567,51,13700,11700,,synthetic_district_centroid
D502821,"Etawah, Uttar Pradesh · D502821",ETAWAH,UTTAR PRADESH,26.7155629,79.0917098,88,26900,22800,,synthetic_district_centroid
D503810,"Sidhi, Madhya Pradesh · D503810",SIDHI,MADHYA PRADESH,24.2112687,81.7000415,105,39400,31600,,synthetic_district_centroid
D505553,"Arwal, Bihar · D505553",ARWAL,BIHAR,25.1812832,84.6596648,130,69300,49800,,synthetic_district_centroid
D511120,"Sonbhadra, Uttar Pradesh · D511120",SONBHADRA,UTTAR PRADESH,24.4148159,83.0637517,127,64800,47200,,synthetic_district_centroid
D515353,"Darbhanga, Bihar · D515353",DARBHANGA,BIHAR,26.0829899,86.0324951,128,66100,48000,,synthetic_district_centroid
D516392,"Nayagarh, Odisha · D516392",NAYAGARH,ODISHA,20.2393682,85.050728,100,34700,28500,,synthetic_district_centroid
D516565,"Banswara, Rajasthan · D516565",BANSWARA,RAJASTHAN,23.4915047,74.3502172,67,18400,15600,,synthetic_district_centroid
D521581,"Bhadrak, Odisha · D521581",BHADRAK,ODISHA,20.9854052,86.5934226,97,32900,27300,,synthetic_district_centroid
D523472,"West Garo Hills, Meghalaya · D523472",WEST GARO HILLS,MEGHALAYA,25.6065343,90.2038335,126,62400,45900,,synthetic_district_centroid
D524797,"Porbandar, Gujarat · D524797",PORBANDAR,GUJARAT,21.602975,69.8538067,98,33300,27600,24836,synthetic_district_centroid
D525018,"Barmer, Rajasthan · D525018",BARMER,RAJASTHAN,25.5814853,71.1924922,52,13900,11800,,synthetic_district_centroid
D525821,"Srikakulam, Andhra Pradesh · D525821",SRIKAKULAM,ANDHRA PRADESH,18.622438,84.1443764,97,32500,27000,1168767,synthetic_district_centroid
D529633,"Jhabua, Madhya Pradesh · D529633",JHABUA,MADHYA PRADESH,22.8869652,74.7243249,78,22700,19300,,synthetic_district_centroid
D532364,"Agra, Uttar Pradesh · D532364",AGRA,UTTAR PRADESH,27.0755504,77.8753832,56,15100,12900,,synthetic_district_centroid
D534240,"Durg, Chhattisgarh",DURG,CHHATTISGARH,21.1982964,81.4007922,94,30400,25600,12708723,synthetic_district_centroid
D549883,"Mandya, Karnataka · D549883",MANDYA,KARNATAKA,12.6368939,76.7275477,120,55300,41600,922052,synthetic_district_centroid
D552582,"Sangrur, Punjab · D552582",SANGRUR,PUNJAB,30.135717,75.8533326,85,25600,21700,243484,synthetic_district_centroid
D552859,"Rampur, Uttar Pradesh · D552859",RAMPUR,UTTAR PRADESH,28.7934728,79.1845806,112,46000,35800,,synthetic_district_centroid
D556250,"Chirang, Assam",CHIRANG,ASSAM,26.6464231,90.624157,121,56100,42100,,synthetic_district_centroid
D559316,"Bandipore, Jammu And Kashmir",BANDIPORE,JAMMU AND KASHMIR,34.4563234,74.6825,145,98100,65700,,synthetic_district_centroid
D559536,"Raichur, Karnataka · D559536",RAICHUR,KARNATAKA,16.0547194,76.9003647,69,19000,16200,,synthetic_district_centroid
D563785,"Parbhani, Maharashtra · D563785",PARBHANI,MAHARASHTRA,19.2901981,76.6026443,58,15800,13400,,synthetic_district_centroid
D566928,"Burhanpur, Madhya Pradesh",BURHANPUR,MADHYA PRADESH,21.334867,76.3708803,92,29000,24600,453311,synthetic_district_centroid
D569194,"Satna, Madhya Pradesh · D569194",SATNA,MADHYA PRADESH,24.6954445,80.7770348,92,29400,24900,,synthetic_district_centroid
D573435,"Gumla, Jharkhand · D573435",GUMLA,JHARKHAND,23.1603759,84.4599565,118,52900,40100,,synthetic_district_centroid
D576228,"Washim, Maharashtra · D576228",WASHIM,MAHARASHTRA,20.2874178,77.2369655,75,21300,18100,,synthetic_district_centroid
D577760,"Mandla, Madhya Pradesh · D577760",MANDLA,MADHYA PRADESH,22.6871074,80.5816341,86,25900,22000,,synthetic_district_centroid
D579372,"Rajnandgaon, Chhattisgarh",RAJNANDGAON,CHHATTISGARH,21.0684425,80.7970779,89,27800,23700,,synthetic_district_centroid
D580844,"Amravati, Maharashtra · D580844",AMRAVATI,MAHARASHTRA,21.1545412,77.6442962,99,34200,28200,,synthetic_district_centroid
D581407,"Supaul, Bihar · D581407",SUPAUL,BIHAR,26.2768089,86.7959614,127,63900,46700,,synthetic_district_centroid
D582880,"Karur, Tamil Nadu · D582880",KARUR,TAMIL NADU,10.8217671,78.3828654,92,29500,25000,166449,synthetic_district_centroid
D591824,"Ananthapur, Andhra Pradesh · D591824",ANANTHAPUR,ANDHRA PRADESH,14.5300827,77.6671997,98,33700,27800,4920291,synthetic_district_centroid
D609641,"Wokha, Nagaland · D609641",WOKHA,NAGALAND,26.242251,94.1921153,94,30600,25700,39173,synthetic_district_centroid
D622904,"Bastar, Chhattisgarh",BASTAR,CHHATTISGARH,19.1191283,81.8291865,93,30000,25300,,synthetic_district_centroid
D625702,"Hamirpur, Uttar Pradesh · D625702",HAMIRPUR,UTTAR PRADESH,25.75,80.0,81,23800,20200,,synthetic_district_centroid
D629207,"Lunglei, Mizoram · D629207",LUNGLEI,MIZORAM,22.9519972,92.6338827,94,30800,25900,20495,synthetic_district_centroid
D629821,"Bharatpur, Rajasthan · D629821",BHARATPUR,RAJASTHAN,27.0246959,77.2920116,88,27200,23100,897252,synthetic_district_centroid
D629957,"Kulgam, Jammu And Kashmir",KULGAM,JAMMU AND KASHMIR,33.6250187,74.6949458,94,30400,25600,197162,synthetic_district_centroid
D632781,"Udhampur, Jammu And Kashmir",UDHAMPUR,JAMMU AND KASHMIR,32.911964,75.3265845,94,30400,25600,83373,synthetic_district_centroid
D634761,"Hisar, Haryana · D634761",HISAR,HARYANA,29.2396596,75.8174505,108,41600,33000,,synthetic_district_centroid
D648773,"Surat, Gujarat · D648773",SURAT,GUJARAT,21.1923647,72.9551023,130,68400,49300,16297914,synthetic_district_centroid
D649160,"Ribhoi, Meghalaya",RIBHOI,MEGHALAYA,25.723641,92.0426339,101,35500,29000,,synthetic_district_centroid
D649886,"Chitradurga, Karnataka · D649886",CHITRADURGA,KARNATAKA,14.3049174,76.5296667,106,40000,32000,1374802,synthetic_district_centroid
D653477,"Solan, Himachal Pradesh · D653477",SOLAN,HIMACHAL PRADESH,31.0568119,76.850301,94,30500,25600,549242,synthetic_district_centroid
D654726,"Akola, Maharashtra · D654726",AKOLA,MAHARASHTRA,20.7618122,77.1921157,77,22200,18900,,synthetic_district_centroid
D655706,"Jabalpur, Madhya Pradesh · D655706",JABALPUR,MADHYA PRADESH,23.2230231,79.9825642,64,17300,14700,,synthetic_district_centroid
D656917,"Bhavnagar, Gujarat · D656917",BHAVNAGAR,GUJARAT,21.5656705,71.9077622,98,33600,27800,72546,synthetic_district_centroid
D669852,"Lohardaga, Jharkhand · D669852",LOHARDAGA,JHARKHAND,23.4770044,84.6986684,126,63400,46500,,synthetic_district_centroid
D680704,"Nuapada, Odisha · D680704",NUAPADA,ODISHA,20.5412657,82.5292352,90,27900,23700,,synthetic_district_centroid
D681670,"Mokokchung, Nagaland · D681670",MOKOKCHUNG,NAGALAND,26.4795861,94.5105275,94,30900,25900,9277,synthetic_district_centroid
D686330,"Narmada, Gujarat · D686330",NARMADA,GUJARAT,21.7392624,73.6262458,71,19800,16800,,synthetic_district_centroid
D688159,"Jagatsinghapur, Odisha · D688159",JAGATSINGHAPUR,ODISHA,20.1801473,86.3414874,106,39800,31900,,synthetic_district_centroid
D690011,"Jalaun, Uttar Pradesh · D690011",JALAUN,UTTAR PRADESH,26.1048633,79.3919136,85,25500,21700,,synthetic_district_centroid
D692292,"Ukhrul, Manipur · D692292",UKHRUL,MANIPUR,25.3121261,94.4754982,94,30600,25700,1510,synthetic_district_centroid
D693397,"Kalahandi, Odisha · D693397",KALAHANDI,ODISHA,19.8265757,83.0408702,95,31000,26000,,synthetic_district_centroid
D697137,"Kaithal, Haryana · D697137",KAITHAL,HARYANA,29.8536764,76.4684323,121,55900,41900,,synthetic_district_centroid
D701545,"Munger, Bihar · D701545",MUNGER,BIHAR,25.2202864,86.5161484,97,32500,27000,1068160,synthetic_district_centroid
D706630,"Palwal, Haryana",PALWAL,HARYANA,28.0599426,77.3223422,108,41700,33100,4368070,synthetic_district_centroid
D706767,"Bargarh, Odisha · D706767",BARGARH,ODISHA,21.2319922,83.5652737,97,33000,27300,,synthetic_district_centroid
D710636,"Wardha, Maharashtra · D710636",WARDHA,MAHARASHTRA,20.8256231,78.6131455,103,37700,30500,1783057,synthetic_district_centroid
D711895,"Mau, Uttar Pradesh · D711895",MAU,UTTAR PRADESH,26.0390905,83.4985846,110,43600,34400,,synthetic_district_centroid
D712176,"Banda, Uttar Pradesh · D712176",BANDA,UTTAR PRADESH,25.4438537,80.5595237,117,51300,39200,,synthetic_district_centroid
D717069,"Kullu, Himachal Pradesh · D717069",KULLU,HIMACHAL PRADESH,31.8778325,77.4495659,93,30200,25400,,synthetic_district_centroid
D726977,"Sonipat, Haryana · D726977",SONIPAT,HARYANA,29.0414186,76.922715,92,29500,25000,1940936,synthetic_district_centroid
D727621,"Senapati, Manipur · D727621",SENAPATI,MANIPUR,25.3933697,94.1501773,72,20100,17100,,synthetic_district_centroid
D728012,"Gulbarga, Karnataka · D728012",GULBARGA,KARNATAKA,17.166667,77.083333,72,20100,17000,,synthetic_district_centroid
D728927,"Bahraich, Uttar Pradesh · D728927",BAHRAICH,UTTAR PRADESH,27.7343823,81.47654,129,68100,49200,,synthetic_district_centroid
D730512,"Raisen, Madhya Pradesh · D730512",RAISEN,MADHYA PRADESH,23.2675909,78.1727134,94,30600,25700,,synthetic_district_centroid
D731829,"Tiruchirappalli, Tamil Nadu · D731829",TIRUCHIRAPPALLI,TAMIL NADU,10.8504608,78.724533,86,26100,22200,3315854,synthetic_district_centroid
D734014,"Karbi Anglong, Assam · D734014",KARBI ANGLONG,ASSAM,26.0712781,93.4552969,75,21400,18200,,synthetic_district_centroid
D734356,"Sambalpur, Odisha · D734356",SAMBALPUR,ODISHA,21.5570606,84.1528515,93,29800,25200,370496,synthetic_district_centroid
D734885,"Umaria, Madhya Pradesh · D734885",UMARIA,MADHYA PRADESH,23.6431837,80.9419078,93,29700,25100,,synthetic_district_centroid
D740403,"Shivpuri, Madhya Pradesh · D740403",SHIVPURI,MADHYA PRADESH,25.3741215,77.8278866,64,17500,14900,,synthetic_district_centroid
D745712,"Kishtwar, Jammu And Kashmir",KISHTWAR,JAMMU AND KASHMIR,33.61562,75.8793972,94,30400,25600,1234,synthetic_district_centroid
D750446,"Mamit, Mizoram",MAMIT,MIZORAM,23.7564387,92.4515374,94,30500,25600,5658,synthetic_district_centroid
D752523,"Chatra, Jharkhand · D752523",CHATRA,JHARKHAND,24.1062316,84.8623379,126,63600,46600,,synthetic_district_centroid
D754715,"Patiala, Punjab · D754715",PATIALA,PUNJAB,30.2092778,76.3397231,84,25100,21300,631664,synthetic_district_centroid
D763704,"Kheri, Uttar Pradesh · D763704",KHERI,UTTAR PRADESH,28.116667,80.716667,130,69000,49700,,synthetic_district_centroid
D770954,"Gadchiroli, Maharashtra · D770954",GADCHIROLI,MAHARASHTRA,19.7590704,80.1622807,98,33500,27700,50931,synthetic_district_centroid
D778644,"Bankura, West Bengal · D778644",BANKURA,WEST BENGAL,23.132377,87.2081925,93,30200,25400,,synthetic_district_centroid
D780233,"Dhar, Madhya Pradesh · D780233",DHAR,MADHYA PRADESH,22.5786572,75.2258637,104,38500,31000,,synthetic_district_centroid
D782262,"Vizianagaram, Andhra Pradesh · D782262",VIZIANAGARAM,ANDHRA PRADESH,18.2760018,83.4662692,97,33000,27300,1088435,synthetic_district_centroid
D782578,"Farrukhabad, Uttar Pradesh · D782578",FARRUKHABAD,UTTAR PRADESH,27.4362003,79.4894778,114,48500,37400,,synthetic_district_centroid
D790955,"Bokaro, Jharkhand · D790955",BOKARO,JHARKHAND,23.6991279,85.9910689,121,56300,42200,,synthetic_district_centroid
D792405,"Coimbatore, Tamil Nadu · D792405",COIMBATORE,TAMIL NADU,10.8124445,77.0796084,96,31700,26400,542976,synthetic_district_centroid
D794154,"Shimoga, Karnataka · D794154",SHIMOGA,KARNATAKA,14.0556503,75.2380553,115,48700,37500,386027,synthetic_district_centroid
D794573,"Kathua, Jammu And Kashmir",KATHUA,JAMMU AND KASHMIR,32.5825837,75.6104797,94,30400,25600,115925,synthetic_district_centroid
D794663,"Bhilwara, Rajasthan · D794663",BHILWARA,RAJASTHAN,25.470994,74.6961316,90,28000,23800,3517021,synthetic_district_centroid
D797660,"Kanpur Dehat, Uttar Pradesh · D797660",KANPUR DEHAT,UTTAR PRADESH,26.4585639,79.8548052,88,27000,23000,,synthetic_district_centroid
D806886,"Bidar, Karnataka · D806886",BIDAR,KARNATAKA,18.0207297,77.2487204,71,19700,16800,,synthetic_district_centroid
D808830,"Raipur, Chhattisgarh",RAIPUR,CHHATTISGARH,21.2809089,81.8164073,94,30400,25600,2072421,synthetic_district_centroid
D809540,"Nizamabad, Telangana · D809540",NIZAMABAD,TELANGANA,18.7248422,78.1921833,41,11400,9700,,synthetic_district_centroid
D815885,"Pratapgarh, Rajasthan",PRATAPGARH,RAJASTHAN,24.0232221,74.6250275,74,20900,17700,,synthetic_district_centroid
D817915,"Jalor, Rajasthan · D817915",JALOR,RAJASTHAN,25.166667,72.25,92,29100,24700,,synthetic_district_centroid
D819057,"Chandrapur, Maharashtra · D819057",CHANDRAPUR,MAHARASHTRA,20.0967555,79.5045475,94,30900,25900,,synthetic_district_centroid
D823806,"Karnal, Haryana · D823806",KARNAL,HARYANA,29.7255766,76.9106924,93,29700,25100,1604197,synthetic_district_centroid
D832430,"North Tripura, Tripura · D832430",NORTH TRIPURA,TRIPURA,24.0921476,92.2451214,94,30700,25800,44351,synthetic_district_centroid
D832760,"Chittoor, Andhra Pradesh · D832760",CHITTOOR,ANDHRA PRADESH,13.325036,79.6480611,96,32100,26700,1234276,synthetic_district_centroid
D836663,"Nalbari, Assam · D836663",NALBARI,ASSAM,26.3533632,91.3983662,135,78300,54900,,synthetic_district_centroid
D837649,"Jalna, Maharashtra · D837649",JALNA,MAHARASHTRA,19.918833,75.8708599,98,33700,27800,,synthetic_district_centroid
D838687,"Ratnagiri, Maharashtra · D838687",RATNAGIRI,MAHARASHTRA,17.2826079,73.4569787,112,45400,35500,87172,synthetic_district_centroid
D840134,"Amritsar, Punjab · D840134",AMRITSAR,PUNJAB,31.7685759,74.8315603,79,22900,19500,846019,synthetic_district_centroid
D841188,"Korba, Chhattisgarh",KORBA,CHHATTISGARH,22.5198217,82.6350029,93,30000,25300,,synthetic_district_centroid
D842180,"Ujjain, Madhya Pradesh · D842180",UJJAIN,MADHYA PRADESH,23.2933285,75.6263115,95,31000,26000,,synthetic_district_centroid
D846953,"Churu, Rajasthan · D846953",CHURU,RAJASTHAN,28.2047781,74.6912996,92,29100,24700,248710,synthetic_district_centroid
D847522,"Jamtara, Jharkhand · D847522",JAMTARA,JHARKHAND,23.9801639,86.9243637,127,65000,47400,,synthetic_district_centroid
D848859,"Virudhunagar, Tamil Nadu · D848859",VIRUDHUNAGAR,TAMIL NADU,9.4926289,77.8631831,90,28300,24000,498535,synthetic_district_centroid
D850617,"Zunheboto, Nagaland",ZUNHEBOTO,NAGALAND,26.0123803,94.5123719,94,30400,25600,57030,synthetic_district_centroid
D851774,"Unnao, Uttar Pradesh · D851774",UNNAO,UTTAR PRADESH,26.5673264,80.6198193,119,53800,40700,,synthetic_district_centroid
D853079,"Saran, Bihar · D853079",SARAN,BIHAR,25.9214451,84.7759731,130,69600,50000,,synthetic_district_centroid
D853564,"Jamnagar, Gujarat · D853564",JAMNAGAR,GUJARAT,22.32997,70.1327524,101,36100,29500,334923,synthetic_district_centroid
D857972,"Ganderbal, Jammu And Kashmir",GANDERBAL,JAMMU AND KASHMIR,34.2889322,75.0407983,144,95300,64200,,synthetic_district_centroid
D862485,"East Khasi Hills, Meghalaya · D862485",EAST KHASI HILLS,MEGHALAYA,25.4023736,91.8317178,95,31200,26100,67318,synthetic_district_centroid
D871865,"Kadapa, Andhra Pradesh",KADAPA,ANDHRA PRADESH,14.5395752,78.6582332,94,30400,25600,1075980,synthetic_district_centroid
D877003,"Shahid Bhagat, Punjab",SHAHID BHAGAT,PUNJAB,30.9993627,74.5484257,88,27300,23200,214439,synthetic_district_centroid
D884563,"Champawat, Uttarakand",CHAMPAWAT,UTTARAKAND,29.235032,80.1023068,94,30400,25600,,synthetic_district_centroid
D888359,"Reasi, Jammu And Kashmir",REASI,JAMMU AND KASHMIR,33.2059909,74.8626794,94,30400,25600,130394,synthetic_district_centroid
D889929,"Damoh, Madhya Pradesh · D889929",DAMOH,MADHYA PRADESH,23.7981005,79.5419356,77,22200,18900,,synthetic_district_centroid
D890225,"Baghpat, Uttar Pradesh",BAGHPAT,UTTAR PRADESH,29.0374779,77.3062737,117,50900,38900,,synthetic_district_centroid
D890490,"Cuttack, Odisha · D890490",CUTTACK,ODISHA,20.3700655,85.4697256,94,30300,25500,1215254,synthetic_district_centroid
D896586,"Yavatmal, Maharashtra · D896586",YAVATMAL,MAHARASHTRA,20.0638677,78.3565663,86,26300,22400,,synthetic_district_centroid
D898467,"Malkangiri, Odisha · D898467",MALKANGIRI,ODISHA,18.2744685,81.9520316,90,27900,23700,,synthetic_district_centroid
D902798,"Tiruvannamalai, Tamil Nadu · D902798",TIRUVANNAMALAI,TAMIL NADU,12.4289282,78.99915,90,28200,23900,,synthetic_district_centroid
D903909,"Dhenkanal, Odisha · D903909",DHENKANAL,ODISHA,20.8351494,85.6022305,101,35900,29300,,synthetic_district_centroid
D904225,"Surendranagar, Gujarat",SURENDRANAGAR,GUJARAT,22.8251395,71.6209736,64,17500,14900,,synthetic_district_centroid
D905581,"Rajkot, Gujarat · D905581",RAJKOT,GUJARAT,22.069288,71.0288686,99,34200,28100,60417,synthetic_district_centroid
D910402,"Kasaragod, Kerala",KASARAGOD,KERALA,12.4221964,75.1904446,94,30400,25600,263067,synthetic_district_centroid
D912916,"Medak, Telangana · D912916",MEDAK,TELANGANA,17.9375095,78.211745,41,11500,9800,,synthetic_district_centroid
D913218,"Firozabad, Uttar Pradesh · D913218",FIROZABAD,UTTAR PRADESH,27.1941954,78.4604956,108,41600,33100,,synthetic_district_centroid
D919044,"Pashchim Champaran, Bihar",PASHCHIM CHAMPARAN,BIHAR,27.0,84.5,126,62700,46000,,synthetic_district_centroid
D920456,"Mayurbhanj, Odisha · D920456",MAYURBHANJ,ODISHA,21.9156338,86.3961824,122,57000,42600,,synthetic_district_centroid
D929596,"Barwani, Madhya Pradesh · D929596",BARWANI,MADHYA PRADESH,21.7514248,74.8915957,98,33600,27700,,synthetic_district_centroid
D932553,"Kandhamal, Odisha · D932553",KANDHAMAL,ODISHA,20.1306939,84.0790476,97,32400,26900,,synthetic_district_centroid
D939729,"Thane, Maharashtra · D939729",THANE,MAHARASHTRA,19.3653598,73.3685437,109,43000,34000,867286,synthetic_district_centroid
D939856,"Nagaur, Rajasthan · D939856",NAGAUR,RAJASTHAN,26.9873443,73.7389011,92,29400,24900,257179,synthetic_district_centroid
D940778,"Bhagalpur, Bihar · D940778",BHAGALPUR,BIHAR,25.2861354,87.1304229,131,70900,50800,,synthetic_district_centroid
D942323,"Kodarma, Jharkhand",KODARMA,JHARKHAND,24.5423802,85.69301,126,62800,46100,,synthetic_district_centroid
D944990,"Chittaurgarh, Rajasthan",CHITTAURGARH,RAJASTHAN,24.5,74.5,66,18100,15400,,synthetic_district_centroid
D951435,"Ballia, Uttar Pradesh · D951435",BALLIA,UTTAR PRADESH,25.8749595,84.1210329,98,33600,27700,,synthetic_district_centroid
D952324,"Bhind, Madhya Pradesh · D952324",BHIND,MADHYA PRADESH,26.3518828,78.6863189,75,21200,18000,,synthetic_district_centroid
D958583,"Chamba, Himachal Pradesh · D958583",CHAMBA,HIMACHAL PRADESH,32.6923316,76.1631552,91,28700,24400,,synthetic_district_centroid
D958603,"Chamarajanagar, Karnataka",CHAMARAJANAGAR,KARNATAKA,11.9544201,77.1069086,94,30400,25600,266451,synthetic_district_centroid
D959576,"Haveri, Karnataka · D959576",HAVERI,KARNATAKA,14.7180268,75.3656423,200,368900,179500,,synthetic_district_centroid
D963453,"Jharsuguda, Odisha · D963453",JHARSUGUDA,ODISHA,21.8019368,83.9713964,92,29000,24600,5000186,synthetic_district_centroid
D965985,"Fatehabad, Haryana · D965985",FATEHABAD,HARYANA,29.5359209,75.5752901,101,35900,29300,482378,synthetic_district_centroid
D966900,"Nashik, Maharashtra · D966900",NASHIK,MAHARASHTRA,20.2254559,74.104233,154,120900,77300,1314311,synthetic_district_centroid
D968680,"Maldah, West Bengal",MALDAH,WEST BENGAL,25.0977098,88.1261713,127,64400,47100,,synthetic_district_centroid
D976610,"Chennai, Tamil Nadu · D976610",CHENNAI,TAMIL NADU,13.0008413,80.2023035,94,30300,25500,31615333,synthetic_district_centroid
D980667,"Uttar Bastar Kanker, Chhattisgarh",UTTAR BASTAR KANKER,CHHATTISGARH,20.1286893,80.98453,93,30000,25300,,synthetic_district_centroid
D982573,"Dima Hasao, Assam",DIMA HASAO,ASSAM,25.4003625,93.0752292,71,20000,17000,,synthetic_district_centroid
D988234,"Rajsamand, Rajasthan · D988234",RAJSAMAND,RAJASTHAN,25.2892459,73.8241077,57,15300,13000,,synthetic_district_centroid
D989489,"Nainital, Uttarakand",NAINITAL,UTTARAKAND,29.294995,79.4162511,94,30400,25600,1210317,synthetic_district_centroid
D997854,"Basti, Uttar Pradesh · D997854",BASTI,UTTAR PRADESH,26.8387083,82.5350919,132,73200,52100,,synthetic_district_centroid
D997922,"Latur, Maharashtra · D997922",LATUR,MAHARASHTRA,18.3553347,76.7548997,102,36400,29600,798797,synthetic_district_centroid
